,0
0,beerbongs & bentleys
1,Black Panther: The Album
2,
3,Pink Tape
4,DRIP SEASON 4EVER
5,Nayaab
6,UTOPIA
7,ASTROWORLD
8,VULTURES 1
9,MoonChild Era
10,Hindi Gaane
11,Northsbest (Extended)
12,MONOPOLY MOVES
13,An Action Hero (Original Motion Picture Soundtrack) - EP
14,Actual Life (April 14 - December 17 2020)
15,Love Tape (Vol.1) - EP
16,Birds In The Trap Sing McKnight
17,SOS
18,Rodeo
19,Collection One
20,Graduation
21,Viva La Vida or Death and All His Friends
22,My Turn (Deluxe)
23,Cole World: The Sideline Story
24,Aalas Ka Pedh
25,Championships
26,Heaven Or Hell
27,Karwaan (Original Motion Picture Soundtrack)
28,The Perfect LUV Tape
29,Please Excuse Me For Being Antisocial
30,Beauty Behind the Madness
31,Plata O Plomo
32,Hidden Gems - EP
33,Savage Mode
34,One Love
35,Yaariyan (Original Motion Picture Soundtrack)
36,True
37,More Than You Know (Bonus Track Edition)
38,The Infamous
39,The Fast and the Furious: Tokyo Drift (Original Motion Picture Soundtrack)
40,Demons Protected By Angels
41,Don’t Get Too Close
42,So Much Fun (Deluxe)
43,After Hours
44,Her Loss
45,Ends & Begins
46,Paradise Again
47,Kabir Singh (Original Motion Picture Soundtrack)
48,Stoney (Deluxe)
49,Drip Harder
50,Sab Chahiye
51,iSouljaBoyTellem
52,"Tomorrowland 2022: NERVO at Mainstage, Weekend 1 (DJ Mix)"
53,"Honestly, Nevermind"
54,Hall of Fame (Deluxe)
55,International Villager
56,TIMELESS
57,Hollywood's Bleeding
58,Certified Lover Boy
59,Justice
60,Meet the Woo 2 (Deluxe)
61,ROOM202 - EP
62,Uri - The Surgical Strike (Original Motion Picture Soundtrack) - EP
63,Quest For Fire
64,Duur
65,NOT ALL HEROES WEAR CAPES
66,Life of a DON
67,Top Gun (Original Motion Picture Soundtrack) [Special Expanded Edition]
68,Legends Never Die (Video Version)
69,iDon
70,Chris Brown (Expanded Edition)
71,Come Home The Kids Miss You
72,Dying to Live
73,METRO BOOMIN PRESENTS SPIDER-MAN: ACROSS THE SPIDER-VERSE (SOUNDTRACK FROM AND INSPIRED BY THE MOTION PICTURE)
74,Rangtaali 2 - Non Stop Garba
75,Hounds of Love (2018 Remaster)
76,Kota Factory: Season 3 (Music from the Netflix Series)
77,Black Star Elephant
78,It's Only Me
79,Neon Future III
80,Interstellar (Original Motion Picture Soundtrack) [Expanded Edition]
81,"Boiler Room: Fred again.. in London, Jul 29, 2022 (DJ Mix)"
82,Dune (Original Motion Picture Soundtrack)
83,Carte Blanche (Deluxe)
84,Issa Album
85,Badrinath Ki Dulhania (Original Motion Picture Soundtrack)
86,Emergency Tsunami (Bonus Version)
87,Lost in AMD - EP
88,Harder Than Ever
89,Loyalty Over Royalty
90,Queen of the Clouds (Blueprint Edition)
91,Autobiography - EP
92,Human (Deluxe)
93,Surrender Your Soul
94,Evolve
95,El Dorado
96,Playboi Carti
97,Too Hard
98,Showtime
99,EVOL
100,THE CRIMSON CHAPTER - EP
101,Kota Factory: Season 2 (Music from the Netflix Series)
102,Still Striving
103,Night Visions
104,Spider-Man: Into the Spider-Verse (Soundtrack From & Inspired by the Motion Picture)
105,Happier Than Ever
106,Wrong Side Raju (Original Motion Picture Soundtrack) - EP
107,NYE 2023 (DJ Mix)
108,Cigarettes After Sex
109,untitled unmastered.
110,HARDSTONE PSYCHO
111,So Much Fun
112,Twelve Carat Toothache
113,"My Dear Melancholy,"
114,Baby on Baby
115,Dabangg (Original Motion Picture Soundtrack)
116,FUTURE
117,Motion
118,Tomorrowland 2018 - EP
119,HEROES & VILLAINS
120,DRUG DEALING IS A LOST ART
121,DS2 (Deluxe)
122,Whenever You Need Somebody
123,Wish You Were Here
124,HOOLIGANS
125,More Than You Know - EP
126,Parachutes
127,Feed Tha Streets III
128,Ct-2 - EP
129,Pink Friday: Roman Reloaded the Re-Up
130,Discovery
131,~How I'm Feeling~ (The Extras)
132,mainstream sellout
133,The College Dropout
134,Drip or Drown
135,Random White Dude Be Everywhere
136,"Jungle Terror EP, Vol. 2 - EP"
137,Baaraat - EP
138,Encore
139,Free Spirit
140,LONG.LIVE.A$AP (Deluxe Edition)
141,DAMN.
142,My Beautiful Dark Twisted Fantasy (Deluxe Edition (Explicit))
143,Year Zero
144,Vaaqif
145,The Life of Pablo
146,I Am Not a Human Being II (Deluxe Version)
147,Slime Language 2
148,Man On the Moon: The End of Day (Expanded Version)
149,Carte Blanche
150,I NEVER LIKED YOU
151,All the Little Lights (Deluxe Version)
152,Khamma Tran Taali
153,Purple Reign
154,Blood For Mercy
155,Euphoria (Original Score from the HBO Series)
156,Hotel California
157,JACKBOYS
158,My First Album
159,Mimmi
160,WUNNA
161,"good kid, m.A.A.d city (Deluxe Version)"
162,Divinely Uninspired To A Hellish Extent
163,V (Deluxe)
164,Thats What They All Say
165,Nights Like This - EP
166,Origins (Deluxe Edition)
167,Encore (Deluxe Version)
168,Get Rich or Die Tryin' (Bonus Track Version)
169,KIRK
170,Without Warning
171,Believe - EP
172,Luv Is Rage 2 (Deluxe)
173,"Harry Potter and the Deathly Hallows, Pt. 2 (Original Motion Picture Soundtrack)"
174,Beach House 3 (Deluxe)
175,Catch These Vibes
176,"Huncho Jack, Jack Huncho"
177,VIDA
178,New Divide - EP
179,Whole Lotta Red
180,WE DON'T TRUST YOU
181,MIXTAPE PLUTO
182,Yain City
183,Major Key
184,The Fate of the Furious: The Album
185,Sunday Best (Japan Exclusive)
186,Year of the Gentleman (Deluxe Edition)
187,One of Wun
188,Mac & Cheese 5
189,Yellow Tape
190,No.6 Collaborations Project
191,i am > i was
192,"Still Here (feat. Badshah, Karma, Ikka, Raftaar & Rashmeet Kaur)"
193,Black Panther (Original Score)
194,BLAME IT ON BABY
195,Top
196,HIT ME HARD AND SOFT
197,The Diamond Collection (Deluxe)
198,Detroit 2
199,Shrinking: Season 1 (Apple TV+ Original Series Soundtrack)
200,Actual Life 3 (January 1 - September 9 2022)
201,High Off Life
202,My Beautiful Dark Twisted Fantasy
203,"Funk Wav Bounces, Vol. 2"
204,Mac & Cheese 5 (Deluxe)
205,The Heist
206,USB
207,Dark Lane Demo Tapes
208,Film Music 2009
209,Pharmacy
210,Zehen
211,Lunch Break
212,Go Goa Gone (Original Motion Picture Soundtrack)
213,"Flosstradamus at Beyond Wonderland, 2023 (DJ Mix)"
214,In The Name Of Gee (Still Most Hated)
215,Donda
216,Music To Be Murdered By
217,Nothing But the Beat 2.0
218,Insaan
219,न
220,Bayaan
221,"No Equal, Vol. 3"
222,BUSINESS IS BUSINESS
223,The Art of Resemblance
224,Thrill Of The Chase
225,Know No Better - EP
226,Reload (Remixes) - EP
227,The Carnival
228,56 Nights
229,TicketMaster Tapes Presents: Boyz N the D
230,SAVAGE MODE II
231,Diplo Presents Thomas Wesley: Chapter 1 - Snake Oil (Deluxe)
232,Mic Check
233,LOVE LASTS FOREVER
234,"Through the Past, Darkly (Big Hits Vol. 2)"
235,Jackman.
236,"Sound of resistance, Vol. 1"
237,Tomorrowland 31.12.2020: Major Lazer (DJ Mix)
238,Wild Ones
239,Feed Tha Streets ll
240,Spider-Man: Homecoming (Original Motion Picture Soundtrack)
241,"Tomorrowland 2022: Timmy Trumpet at Mainstage, Weekend 1 (DJ Mix)"
242,The Melodic Blue
243,DAYTONA
244,Just Cause Y'all Waited 2 (Deluxe)
245,The Diamond Collection
246,7
247,TESTING
248,Scary Monsters and Nice Sprites
249,Top Gun: Maverick (Music from the Motion Picture)
250,Pathaan (Original Motion Picture Soundtrack)
251,Yellow Claw at EDC Las Vegas 2023: Circuit Grounds Stage (DJ Mix)
252,Good Girl Gone Bad: Reloaded
253,Starboy
254,Tha Carter III
255,THIS IS NOT A DRILL
256,Batti Gul Meter Chalu (Original Motion Picture Soundtrack)
257,17
258,Fast & Furious 6 (Original Motion Picture Soundtrack)
259,Gully Boy (Original Motion Picture Soundtrack)
260,Watch the Throne (Deluxe)
261,Humorously Yours (Music from TVF's Original Web Series)
262,Delhi Belly (Original Motion Picture Soundtrack)
263,So Good
264,Dreamland
265,Sweet Action
266,Marigold Soundsystem (Deluxe)
267,Indigo (Extended)
268,RECHARGED
269,ten days
270,Surrender
271,LS World
272,Spider-Man: Into the Spider-Verse (Original Score)
273,Pushpa the Rise Part - 01 (Original Motion Picture Soundtrack)
274,Cloud Nine
275,Dance the Night - Top Pop
276,Trip At Knight
277,United We Are
278,"Here Come the Classics, Vol. 11"
279,Red Ring of Death
280,Raymond v Raymond (Expanded Edition)
281,RECKLESS
282,Spider-Man: Across the Spider-Verse (Original Score)
283,Scorpion
284,More Life
285,nadie sabe lo que va a pasar mañana
286,Hoodie SZN
287,"Don't You Worry, Honey"
288,GOD DID
289,"Sanam Memories, Vol. 2"
290,Only Built For Infinity Links
291,HEROES & VILLAINS (Villains Version)
292,Good Intentions (Brown Boy 2 Deluxe Version)
293,My Worlds Acoustic
294,HARD DRIVE Vol. 1
295,KHALED KHALED
296,VULTURES 2
297,Nothing Was the Same (Deluxe)
298,Talk Dirty
299,Tadipaar
300,Barrow
301,Gunehgar
302,Nicotine
303,LIVING THINGS
304,?
305,~How I'm Feeling~
306,Mr. Nair
307,Golden Hour
308,Alive
309,Led Zeppelin IV (Remastered)
310,Los Amsterdam
311,Avasa
312,TVF Pitchers (Music from the Original Web Series)
313,NOT ALL HEROES WEAR CAPES (Deluxe)
314,Bass Rani
315,Tomorrowland 2019: Alesso (DJ Mix)
316,The Beginning
317,A Good Friend Is Nice
318,Curtain Call: The Hits (Deluxe Edition)
319,Collision Course - EP
320,"Aftercluv Dancelab the Drop, Vol. 1"
321,"Club Life, Vol. 4 - New York City"
322,i am > i was (Deluxe)
323,Creek - EP
324,Game of Thrones (Music From the HBO Series)
325,"Alone, Pt. II (Remixes)"
326,4:23
327,In the Zone
328,SEX and LOVE (Deluxe Edition)
329,Hamari Adhuri Kahani (Original Motion Picture Soundtrack)
330,Nevermind
331,Memories (feat. Kid Cudi)
332,Uptown Special
333,4 Your Eyez Only
334,Dirt Femme
335,"Oral Fixation, Vol. 2 (Expanded Edition)"
336,Bloom
337,Perfect Ten
338,Music of the Spheres
339,Panchayat
340,Revival
341,Maghreb - EP
342,Kamikaze
343,FOUR (The Ultimate Edition)
344,Waking Up
345,Changes
346,BEAUTIFUL THUGGER GIRLS
347,"For the Throne (Music Inspired by the HBO Series ""Game of Thrones"")"
348,Make It Big
349,Scriptures
350,NAV
351,Trip At Knight (Complete Expanded Edition)
352,Game of Thrones: Season 7 (Music from the HBO Series)
353,Please Please Me
354,Neon Future IV (Remixes)
355,A Love Letter To You 3
356,Drip or Drown 2
357,Sentio
358,World War Joy
359,Tha Carter IV (Complete Edition)
360,True Colors
361,Piano Republik
362,SMITHEREENS
363,Tha Carter V (Deluxe)
364,How To Train Your Dragon (Music From the Motion Picture)
365,Shang-Chi and The Legend of The Ten Rings: The Album
366,Good Newwz (Original Motion Picture Soundtrack)
367,I Hate Luv Storys (Original Motion Picture Soundtrack)
368,Aks
369,The Kids Are Coming - EP
370,So Far Gone
371,Harry's House
372,I Am Not a Human Being
373,In Sexyy We Trust
374,Diplo (Deluxe)
375,SKINS
376,Diplo Presents Thomas Wesley: Chapter 1 - Snake Oil
377,So Far So Good
378,In Waves
379,G I R L (Japan Version)
380,Furious 7 (Original Motion Picture Soundtrack)
381,We Fam Econo
382,The Last Rocket
383,Die Lit
384,Kota Factory: Season 1 (Music from Tvf Original Series)
385,Suicide Squad: The Album
386,DAYS BEFORE RODEO
387,Oh My My
388,kidsgonemad!
389,genre : sadboy - EP
390,For All The Dogs Scary Hours Edition
391,Abcd 2 (Original Motion Picture Soundtrack)
392,Dua Lipa (Deluxe)
393,Coke Studio India Season 3: Episode 5
394,Luv Is Rage 2
395,Alone At Prom
396,Dunkirk (Original Motion Picture Soundtrack)
397,Shoot For The Stars Aim For The Moon
398,Never Say Never (The Remixes) - EP
399,Something Ether - EP
400,Choral Feeling
401,F9: The Fast Saga (Original Motion Picture Soundtrack)
402,PBX 1
403,DAMN. COLLECTORS EDITION.
404,"Love, Damini"
405,Desi Boyz (Original Motion Picture Soundtrack)
406,Inception (Music from the Motion Picture)
407,Drip Season 3 (Deluxe)
408,dont smile at me
409,Cold Spring Fault Less Youth
410,Nuthin' 2 Prove
411,WAKE UP LUCKI
412,Global Warming
413,The Off-Season
414,Ved - EP
415,When It's Time
416,american dream
417,Project Baby 2: All Grown Up (Deluxe)
418,MUDBOY
419,Dev - EP
420,Kalyug (Original Motion Picture Soundtrack)
421,One More Light
422,Future Nostalgia (The Moonlight Edition)
423,Shoot For The Stars Aim For The Moon (Deluxe)
424,Bebe Le Strange
425,Govinda Naam Mera (Original Motion Picture Soundtrack)
426,1/0 - EP
427,Asot 898 - A State of Trance Episode 898
428,X (Expanded Edition)
429,Luv Shuv Tey Chicken Khurana (Original Motion Picture Soundtrack)
430,Strange Trails
431,Slime Language 2 (Deluxe)
432,Actual Life 2 (February 2 - October 15 2021)
433,All I Want Is You
434,Jungle Rules
435,Albela (Original Motion Picture Soundtrack)
436,F.A.M.E. (Expanded Edition)
437,Culture II
438,Nothing But the Beat
439,Donny Womack
440,This Is... Icona Pop
441,Order & Chaos - EP
442,Almost Healed
443,Awake
444,Born Sinner (Deluxe Version)
445,Rolling Papers 2
446,"Amdavad Rap Life: 2 Heavy On 'Em, Vol. 2"
447,Dawn FM
448,Hearts on Fire (The Remixes) - EP
449,Culture
450,Dream Your Life Away (Special Edition)
451,13 Reasons Why (Season 2)
452,High Jack (Original Motion Picture Soundtrack)
453,Tell Me You Love Me (Deluxe)
454,Pathaan (Telugu) [Original Motion Picture Soundtrack]
455,Just Be
456,Drive Thru - EP
457,Two Hearts Never Break the Same - EP
458,The Days / Nights - EP
459,"WHEN WE ALL FALL ASLEEP, WHERE DO WE GO?"
460,Emergency Tsunami
461,Afterlife
462,"Lil Durk Presents: Only the Family Involved, Vol. 2"
463,cold/mess
464,Bhediya (Original Motion Picture Soundtrack)
465,Bright: The Album
466,F-1 Trillion
467,LOOK AT ME: THE ALBUM
468,Gangs of Wasseypur 2 (Original Motion Picture Soundtrack)
469,Purpose (Deluxe)
470,Voicenotes
471,Meet the Woo 2
472,Watch the Throne
473,HOWSLA
474,Coke Studio India Season 3: Episode 6
475,Don't Look Up (Soundtrack from the Netflix Film)
476,Slime & B
477,? (Deluxe)
478,+ (Deluxe Version)
479,American Beauty / American Psycho
480,18 Months
481,Where Are Ü Now (with Justin Bieber) [Remixes] - EP
482,Stree 2 (Original Motion Picture Soundtrack) - EP
483,Naalayak - EP
484,Ludo (Original Motion Picture Soundtrack)
485,Take Care (Deluxe Version)
486,Jaago
487,Ajab Prem Ki Ghazab Kahani (Original Motion Picture Soundtrack)
488,Believe (Deluxe Edition)
489,Ocean Eyes (The Remixes) - EP
490,Kapoor & Sons (Since 1921) [Original Motion Picture Soundtrack]
491,As She Pleases
492,Sunoh
493,Midnight Hour - EP
494,Trench
495,Barbie The Album
496,Punk
497,FAR FROM OVER - EP
498,Side A - EP
499,LOVE FOR GUALA
500,Someone's EP II
501,Destined 2 Win
502,Culture III
503,Take a Look At Those Cakes
504,Vultures 1
505,DIAMANTE
506,Bollywood Unwind - Romantic Classics in a Relaxing Urban Avatar
507,MEEN
508,"At Night, Alone."
509,Ascend
510,Young Rich N*ggas
511,Songs of Love
512,SAVAGE MODE II [CHOPPED NOT SLOPPED]
513,Successi 2023 - Solo Hits
514,Angrezi Medium (Original Motion Picture Soundtrack)
515,KARAM
516,Good Intentions
517,Shock Value
518,Highway (Original Motion Picture Soundtrack)
519,Dhan Dhana Dhan Goal (Original Motion Picture Soundtrack)
520,Joytime
521,Native
522,Meteora (Deluxe Edition)
523,For All The Dogs
524,The Aviary
525,Baazaar (Original Motion Picture Soundtrack) - EP
526,Legends Never Die
527,Manic
528,Romantic Hero - Rishi Kapoor
529,Agneepath (Original Motion Picture Soundtrack)
530,Huqa Pani
531,Phir Dhoom
532,Blurryface
533,Skunk in the Cellar - EP
534,Long Way Down
535,Back from the Edge (Deluxe Edition)
536,Goodbye & Good Riddance (Anniversary)
537,Bombay Soul - EP
538,Pink Heartz (Apple Music Edition)
539,Greatest Hits: The Atlantic Years
540,Songs of Trance - EP
541,Night Visions (Deluxe Version)
542,Black Panther: Wakanda Remixed - EP
543,"Biscits at Back To Love Festival in Finsbury Park, Aug 7, 2021 (DJ Mix)"
544,~how i'm feeling~ (the extras)
545,WUNNA (Deluxe)
546,X&Y
547,AVĪCI (01) - EP
548,Special
549,Oppenheimer (Original Motion Picture Soundtrack)
550,HEROES & VILLAINS (Heroes Version)
551,Veer-Zaara (Original Motion Picture Soundtrack)
552,Five: Greatest Hits
553,A Head Full of Dreams
554,MEDUZA
555,On the Rvn - EP
556,G.O.A.T.
557,Blues for You - EP
558,Slime Season 3
559,Kho Gaye Hum Kahan (Original Motion Picture Soundtrack)
560,Punya Paap
561,Might Delete Later
562,Rang De Basanti (Original Motion Picture Soundtrack)
563,The Beatles 1967-1970 (The Blue Album)
564,Pegasus
565,Forrest Gump (The Soundtrack)
566,Purpose
567,Jalebi (Original Motion Picture Soundtrack)
568,Memories...Do Not Open
569,Mr. Morale & The Big Steppers
570,夢のような (TVアニメ「Dr.STONE」第2クールエンディングテーマ) - EP
571,Meet the Woo
572,Wolfmother
573,The Mandalorian: Chapter 1 (Original Score)
574,DRIVE
575,Ted Lasso: Season 1 (Apple TV+ Original Series Soundtrack)
576,WE STILL DON'T TRUST YOU
577,Rakhwan Kota
578,The Saga of Wiz Khalifa
579,See You Next Wednesday
580,Cookie - EP
581,Not by Chance
582,"Funk Wav Bounces, Vol. 1"
583,Top 20 - Bollywood Songs 2018
584,I met you when I was 18. (the playlist)
585,Zer0
586,KOD
587,Raja Baja - EP
588,Meri Pyaari Bindu (Original Motion Picture Soundtrack)
589,Evolution of Mike Shinoda - EP
590,Year of the Spider
591,Ramzat 2 - Non Stop Trantaali Garba
592,Minutes to Midnight (Deluxe Edition)
593,In Tokens & Charms
594,DIESEL Live at Lost Lands 2022 (DJ Mix)
595,It's Almost Dry: Ye vs. Pharrell
596,"The Hits Collection, Vol. One (Deluxe Edition)"
597,Gogo Gujarat Ni Sarkar
598,Balance
599,Dawn FM (Alternate World)
600,Lil Uzi Vert Vs. The World
601,Narrated for You
602,Duplicate (Original Motion Picture Soundtrack)
603,Jersey (Original Motion Picture Soundtrack)
604,Leo - EP
605,Care Package
606,After Hours (Deluxe)
607,Tomb
608,"Best of T-Series Mixtape Punjabi, Vol. 1"
609,DMX: Don't Try to Understand - EP
610,Shershaah (Original Motion Picture Soundtrack)
611,Entergalactic
612,Nanku Sharma
613,FATHER OF 4
614,JOSE
615,on to better things
616,Loose
617,"2 RUFF, Vol. 1"
618,2001
619,Hybrid Theory (Deluxe Edition)
620,From Zero
621,Nectar
622,Seven - EP
623,Up 2 Më
624,Divinely Uninspired To A Hellish Extent (Extended Deluxe)
625,Abbey Road (2019 Mix)
626,Tripling: Season 3 (Music from TVF Series)
627,Double Or Nothing
628,NO STYLIST
629,13 Reasons Why (A Netflix Original Series Soundtrack)
630,Republic
631,xx (Bonus Track Version)
632,EUPHORIA SEASON 2 (OFFICIAL SCORE FROM THE HBO ORIGINAL SERIES)
633,AM
634,AUSTIN (Bonus)
635,One More Love
636,GASHI
637,a Gift & a Curse
638,By Any Means
639,Matangi
640,x (Wembley Edition)
641,Bangarang
642,TNGHT - EP
643,Mac & Cheese 5 (Versions)
644,deadroses
645,Khalifa
646,"Toussaint St. Jean - From the Hut, to the Projects, to the Mansion (DJ Drama Presents Wyclef Jean)"
647,Tomorrowland Around The World 2020: Yellow Claw (DJ Mix)
648,Barter 6
649,Before the Garden 5
650,VENUS
651,What a Time To Be Alive
652,After Hours (Deluxe Video Album)
653,Faded - EP
654,Ty.O
655,Zindagi Na Milegi Dobara (Original Motion Picture Soundtrack)
656,Ashanti
657,Cold Summer
658,Pluto x Baby Pluto
659,Relapse: Refill
660,BLUE LIPS
661,Disc-Overy
662,Listen
663,Alive (Remixes) - EP
664,Skrillex and Diplo present Jack Ü
665,Faith Of A Mustard Seed
666,Express Yourself
667,Tenet (Original Motion Picture Soundtrack) [Deluxe Edition]
668,Aashiqui 2 (Original Motion Picture Soundtrack)
669,V - EP
670,Trouble Man: Heavy is the Head (Deluxe Version)
671,NEW LIFE
672,Free TC
673,Moosetape
674,RESET
675,Sick Boy
676,Love Sick
677,Only Through the Pain
678,Hope
679,Eternal Atake (Deluxe) - LUV vs. The World 2
680,Better Off Alone
681,Magic Mozart
682,Camila
683,Slime Language
684,Direct Hits
685,Section.80
686,AI YoungBoy 2
687,2014 Forest Hills Drive
688,The Avengers (Original Motion Picture Soundtrack)
689,FAST X (Original Motion Picture Soundtrack)
690,Future Nostalgia
691,"Popular Covers - Saregama & Pehchan Music, Vol. 1"
692,Peace Is The Mission (Extended)
693,Until Now
694,COMING HOME
695,Lil Pump
696,Man On the Moon III: The Chosen
697,Souljaboytellem.com
698,A Rush of Blood to the Head
699,The Return of East Atlanta Santa
700,Bouquet - EP
701,Kiss Land
702,Drive-In Cinema
703,Volcano
704,Pluto x Baby Pluto (Deluxe)
705,PARTYMOBILE (Chopped Not Slopped)
706,Neon Future IV
707,O.N.I.F.C. (Deluxe Version)
708,B4 The Storm
709,The Voice of the Heroes
710,÷ (Deluxe)
711,Die a Legend
712,Tribute
713,We the Best Forever (Bonus Version)
714,I'm Really Like That
715,Tomorrowland Around The World 2020: Martin Garrix
716,"Liondub Street Series, Vol. 11: Black Widow - EP"
717,2022 MegaMix (DJ Mix)
718,DIE FOR MY BITCH
719,gg bb xx (deluxe)
720,YOU
721,One Love (Deluxe)
722,Speak Your Mind (Deluxe)
723,Revenge of the Dreamers III: Director's Cut
724,Love Sick (Deluxe)
725,Dil Jhoom with Arijit Singh
726,Gucci Mane Presents: So Icy Summer
727,Songs in the Key of Life
728,Brahmastra (Original Motion Picture Soundtrack)
729,SOLACE
730,The Ultimate Collection (Remastered)
731,Race 2 (Original Motion Picture Soundtrack)
732,The Last Slimeto
733,Play Hard (feat. Ne-Yo & Akon) [Remixes] - EP
734,Man on the Moon: The End of Day (Deluxe)
735,AT.LONG.LAST.A$AP
736,Use Your Illusion I
737,2018 Best of by uDiscover
738,Age Against the Machine
739,ImMature : Season 1 (Music from the Original TV Series)
740,Long Cold Winter
741,Feed The Beast
742,Magnets EP
743,Scary Hours 2
744,Dark Sky Paradise (Deluxe)
745,King of Rock
746,Rockstar (Original Motion Picture Soundtrack)
747,Tiësto at EDC Las Vegas 2021: Kinetic Field Stage (DJ Mix)
748,eternal sunshine
749,Meri Kahani
750,Skylar Grey
751,Justice (Triple Chucks Deluxe / Deluxe Video Version)
752,C.C.W.M.T.T.
753,The Melodic Blue (Deluxe)
754,DECIDE
755,Splash Brothers
756,Badlapur (Original Motion Picture Soundtrack)
757,Lush Lata Selects
758,Where the Light Is
759,Ghetto Lenny's Love Songs
760,Doo-Wops & Hooligans
761,Family Portrait
762,"good kid, m.A.A.d city (Deluxe)"
763,Onzeker Kraft Vol. 1 - EP
764,The Beautiful & Damned
765,Suno to Diwana Dil
766,Deeper Than Rap (Deluxe Version)
767,Bollywood Unplugged
768,Street Gossip
769,Un Verano Sin Ti
770,Asli Independent - EP
771,Bohot Sahi - EP
772,Jack the House 3 - EP
773,Wovoka
774,House of the Dragon: Season 1 (Soundtrack from the HBO® Series)
775,Donda (Deluxe)
776,Rap Life Review (Episode 100)
777,Champagne Talk
778,Raman Raghav 2.0 (Original Motion Picture Soundtrack)
779,Wide Open Spaces
780,Late Registration
781,Coexist
782,Heaven & Hell
783,Goodbye & Good Riddance
784,War (Original Motion Picture Soundtrack)
785,My World 2.0 (Bonus Track Version)
786,Unbothered (Deluxe)
787,Spider-Man: No Way Home (Original Motion Picture Soundtrack)
788,Kids In Love
789,Gangs of Wasseypur (Original Motion Picture Soundtrack)
790,Dark Sky Paradise
791,Views
792,Swades (Original Motion Picture Soundtrack)
793,SET IT OFF
794,AUSTIN
795,Summer Island Fun
796,What Dreams Are Made Of
797,Wake Up Sid (Original Motion Picture Soundtrack)
798,Prince (Original Motion Picture Soundtrack)
799,LIFE'S A TRIP
800,Perfect Timing
801,From Dark to Light
802,KIWANUKA
803,"The Hunger Games: Mockingjay, Pt. 1 (Original Motion Picture Score)"
804,Reckless
805,Short n' Sweet
806,Invasion of Privacy
807,Music Is The Weapon
808,Bylaw - EP
809,Made In The A.M.
810,Spaceman (Outer Space Remixes) - EP
811,So Far So Good (lofi remixes)
812,Dil Chahta Hai (Original Motion Picture Soundtrack)
813,TVアニメ「Dr.STONE」オリジナルサウンドトラック
814,Overexposed
815,PLAY: GRID
816,Midnight Paradise
817,Culture III (Deluxe)
818,Mylo Xyloto
819,Jogan / Preet (Deluxe) - EP
820,Transformers: Revenge of the Fallen (The Album)
821,Exodus (2013 Remaster)
822,Smiley Smile
823,2 Alivë (Geëk Pack)
824,INSANO
825,Justice (Triple Chucks Deluxe)
826,It's About Time
827,Fetty Wap
828,King's Disease II
829,Untrue
830,Love Is All Around
831,HNDRXX
832,dimmSummer Presents: Revolution Rising Volume 2
833,Abbey Road (Super Deluxe Edition)
834,2010s Hits
835,Best of 2017 Hip Hop
836,Take Me Home (Yearbook Edition)
837,Sugar
838,Rare
839,Harry Styles
840,Kohinoor
841,Collage - EP
842,Game of Thrones: Season 6 (Music from the HBO Series)
843,Bomb Bae
844,Stories
845,The Social Network (Soundtrack from the Motion Picture)
846,Cocaine Muzik 3
847,Featuring Ty Dolla $ign
848,DRILLMATIC Heart vs. Mind
849,Spider-Man: Into the Spider-Verse (Soundtrack From & Inspired by the Motion Picture) [Deluxe Edition]
850,Loud Luxury at EDC Las Vegas 2023: Kinetic Field Stage (DJ Mix)
851,R.O.O.T.S. (Deluxe Version)
852,Gold Skies - EP
853,While The World Was Burning
854,Gimme Some Keys (Remixes)
855,When Disaster Strikes
856,The Future - Vol. 1 - EP
857,Last Day of Summer
858,"Tomorrowland 2022: 3 Are Legend at Mainstage, Weekend 3 (DJ Mix)"
859,For The Night - EP
860,Complete Studio Albums Collection
861,ONNAFRIDAY
862,Light of Mine (Deluxe)
863,Lil Boat 2
864,"Tomorrowland 2024: Hardwell at Freedom, Weekend 1 (DJ Mix)"
865,Contrast
866,Déjenme Llorar
867,The London Sessions
868,Aum Mangalam Singlem (Original Motion Picture Soundtrack)
869,MONEY ON THE DASH - Armin van Buuren Remix - EP
870,The Thrill of It All (Special Video Edition)
871,Kinjal Dave Hit Songs
872,Gute Laune Songs 2023
873,Diplo Presents Thomas Wesley: Chapter 2 - Swamp Savant
874,Bohunk (Deluxe)
875,Fallen Angel
876,Student of the Year (Original Motion Picture Soundtrack)
877,KIDS SEE GHOSTS
878,Greatest Mixtape Hits
879,Still Brazy (Deluxe)
880,Better Me Than You
881,SremmLife 2 (Deluxe)
882,W E B S T E R l l
883,Hall of Fame
884,Welcome Reality (Deluxe Version)
885,Beast Mode
886,Sixteen Oceans
887,I
888,Grateful
889,Glock Bond
890,"Hiphop Is Something You Live, Vol.1 (DJ Mix)"
891,Solace - EP
892,39 Minutes of Bliss (In an Otherwise Meaningless World)
893,Coke Studio Season 8
894,Based On a T.R.U. Story (Chopped Not Slopped)
895,Simi
896,Dreams Worth More Than Money
897,To Pimp a Butterfly
898,Indicud
899,Mac & Cheese 5 (Instrumental)
900,Meteora (20th Anniversary Edition)
901,#willpower (Deluxe)
902,Qrak
903,Dhadak (Original Motion Picture Soundtrack) - EP
904,13 Reasons Why (A Netflix Original Series Score)
905,Survivor's Remorse: A Side & B Side
906,Battle of the Sexes (Deluxe Edition)
907,This Is Coone (2016 - 2017)
908,F.A.L.T.U (Original Motion Picture Soundtrack)
909,Low-Life
910,Daboij
911,Roohi (Original Motion Picture Soundtrack)
912,Patiala House (Original Motion Picture Soundtrack)
913,"Little Kid, Big Dreams"
914,"Walkerverse, Pt. I - EP"
915,BUSINESS IS BUSINESS (Metro's Version)
916,All That We Needed
917,JEFFERY
918,Guns Don't Kill People...Lazers Do (Bonus Track Version)
919,GANG
920,Young and Turnt
921,Fine Line
922,IIII
923,Snacks (Supersize)
924,What a Wonderful World
925,Barrio Fino (Bonus Track Version)
926,"summer, - EP"
927,"Still Flexin, Still Steppin"
928,Led Zeppelin IV
929,My Krazy Life (Deluxe)
930,Top Shotta
931,Lil Boat 3
932,Shake That A$$ 'The Movie': The Soundtrack Original Platinum Hitz
933,Sunshine. The EP
934,A Love Letter to You 3
935,Sink or Swim - EP
936,"One Foot in, One Foot Out"
937,Dark Ages EP
938,Hit Me When U Leave The Klub: The Playlist
939,Watch the Throne (Deluxe Version)
940,Artist
941,My Turn
942,Slambook
943,Swag 5
944,SHAKTI - EP
945,Astral Projection - EP
946,Faith
947,Disco Lines at EDC Orlando 2022: Stereo Bloom Stage (DJ Mix)
948,What Is Love? (Deluxe)
949,7220 (Deluxe)
950,Mad World
951,Yuv - EP
952,The Qontinent 2017
953,Free Wired
954,In A Tidal Wave Of Mystery
955,Dil Se (Original Motion Picture Soundtrack)
956,424
957,Rewind With Sanam
958,Realer
959,For the Love of Bounce - EP
960,Open Letter
961,Awarapan (Original Soundtrack)
962,Ghetto Gospel
963,My World (Instrumentals)
964,"Boiler Room: Skrillex in Shanghai, Sep 29, 2016"
965,BBA (Bounce Back Album)
966,Royal - EP
967,Bhot Kuch - EP
968,RUAB
969,Get Wet
970,Recovery
971,MIXstar* (DJ Mix)
972,The Life Of Pi'erre 5
973,Ek Villain (Original Motion Picture Soundtrack)
974,Khamma Dakla - EP
975,SR3MM
976,It Won't Be Soon Before Long
977,Magic - EP
978,Imagination & the Misfit Kid
979,Revenge
980,The Idol Episode 2 (Music from the HBO Original Series) - EP
981,Down By the Law (Deluxe Edition)
982,The World Is Yours
983,True (Bonus Edition)
984,Mainstream
985,All or Nothing (Bonus Track Version)
986,No Label II
987,Soundclash - EP
988,Plays Tony Bennett's Greatest Hits
989,The Enigma R. D. Burman
990,Santo Tres
991,Happiness Begins
992,Dan + Shay
993,Long Live Mexico
994,Guilt
995,Honky Château
996,The Last One
997,Red Pill Blues (Deluxe)
998,Replay
999,"Rap, Vol. 3 (DJ Mix)"
1000,808s & Heartbreak
1001,TIM
1002,Bad Vibes Forever
1003,Let's Get Free
1004,It Won't Always Be Like This
1005,Beer Pong Party
1006,Kutthroat Bill: Vol. 1
1007,PRAA - EP
1008,SremmLife
1009,Bat Shxt Baby 2
1010,Global Warming: Meltdown (Deluxe Version)
1011,Ice On the Dune
1012,Angel Face (Club Deluxe)
1013,Cry Baby (Deluxe Edition)
1014,When We Feel Young
1015,Black Label Mixtape I
1016,Dangerous Woman
1017,Dex Meets Dexter
1018,Kaan Ke Neeche
1019,Homesick
1020,Lil Big Pac
1021,Django Festival 2
1022,Lo-Fi House
1023,Doctor's Advocate
1024,Floor Seats
1025,Pluto 3D
1026,Do You Dance?
1027,Iwymi Volume Six
1028,Re-Pinned
1029,The Universe Smiles Upon You
1030,If You're Reading This It's Too Late
1031,~Work Out W Lauv~ - EP
1032,Beach House - EP
1033,Nine Track Mind (Deluxe)
1034,Ladies vs Ricky Bahl (Original Motion Picture Soundtrack)
1035,COSMIC
1036,Split Decision - EP
1037,FRIENDS KEEP SECRETS
1038,Dilwale (Original Motion Picture Soundtrack)
1039,Deep Inside - EP
1040,SQUARE UP - EP
1041,MACHAYENGE 4 - EP
1042,Me vs. Me
1043,Ouroboros
1044,Dynamite (DayTime Version)
1045,We Were Dead Before the Ship Even Sank
1046,Non Stop Chip Hop
1047,42
1048,Non Stop Dhamal Dandia (Instrumental)
1049,Kismat Konnection (Original Motion Picture Soundtrack)
1050,Pink Friday (Complete Edition)
1051,The Dark Knight (Original Motion Picture Soundtrack)
1052,Listen Again
1053,Making Mirrors (Deluxe Version)
1054,Ek Tha Raja
1055,Tripling: Season 1 (Music from TVF Original Series)
1056,Fighting Demons (Complete Edition)
1057,Living Room
1058,"Rap, Vol. 1 (DJ Mix)"
1059,Dare You - The Remixes Part 1 (feat. Matthew Koma) [Remixes by Tiësto Vs Twoloud & Cash Cash] - EP
1060,My Beautiful Dark Twisted Fantasy (Deluxe Edition)
1061,Recess
1062,Phata Poster Nikhla Hero (Original Motion Picture Soundtrack)
1063,Wonder Woman 1984 (Original Motion Picture Soundtrack)
1064,Navratri - Raas Garba & Dandiya Hits
1065,Freak Show
1066,JB6 - EP
1067,Batman v Superman: Dawn of Justice (Original Motion Picture Soundtrack) [Deluxe]
1068,Dastaan
1069,Chilombo (Deluxe Video Version)
1070,Goodbye & Good Riddance (5 Year Anniversary Edition) [Deluxe]
1071,Number 1 Angel
1072,The Lion King (Original Motion Picture Soundtrack)
1073,Melt My Eyez See Your Future (The Extended Edition)
1074,Restoration
1075,Don't Wake Me - EP
1076,Game of Thrones: Season 8 (Music from the HBO Series)
1077,Hindustani Rascal
1078,Tumse Na Ho Payega (Original Motion Picture Soundtrack) - EP
1079,Tees Maar Khan (Original Motion Picture Soundtrack)
1080,Love on the weekend
1081,QUAVO HUNCHO
1082,95
1083,Play Hard - EP
1084,Bachna Ae Haseeno (Original Soundtrack)
1085,The Good Times and The Bad Ones
1086,Blonde
1087,iSouljaBoyTellem (Deluxe Version)
1088,Mubarak Ho Bali Hua Hai
1089,Mr. Davis
1090,Ghost
1091,No Strings Attached
1092,Tomorrowland 31.12.2020: Martin Garrix (DJ Mix)
1093,Crimson Tide (Soundtrack from the Motion Picture)
1094,Jhoom
1095,"Tomorrowland 2022: B Jones at Mainstage, Weekend 1 (DJ Mix)"
1096,New York (Original Motion Picture Soundtrack)
1097,Woodland - EP
1098,Cubicles: Season 2 (Soundtrack from the Series)
1099,REFORM EP
1100,8 Mile (Music from and Inspired By the Motion Picture)
1101,Torches
1102,Sonu Ke Titu Ki Sweety (Original Motion Picture Soundtrack)
1103,Beethoven: Piano Sonatas
1104,Clarity (Deluxe Edition)
1105,Pacifico (Deluxe)
1106,Criminal Minded (Deluxe)
1107,The Indian Hip-Hop Compilation Volume 1
1108,Tomorrowland Around The World 2020: Timmy Trumpet
1109,Occult Classic
1110,"Aafrin, Vol. 2 (Live)"
1111,The Fast and the Furious Soundtrack Collection
1112,Lover
1113,Baccend Beezy
1114,Evering Road (Special Edition)
1115,I Cry When I Laugh
1116,Meri Bebe
1117,Ready For The Weekend
1118,Jodi Breakers (Original Motion Picture Soundtrack)
1119,The Ultimate Bee Gees
1120,Mau P at EDC Las Vegas 2023: Stereo Bloom Stage (DJ Mix)
1121,Dhaa Gujarati 21 Non Stop Dandiya
1122,Don't You Worry Child (feat. John Martin) - EP
1123,Twilight Zone - EP
1124,Around The World In 80 Days (Music From The Original TV Series)
1125,Tum Mile (Original Motion Picture Soundtrack)
1126,Avatar: The Way of Water (Original Motion Picture Soundtrack)
1127,The Last Samurai
1128,Yeh Jawaani Hai Deewani (Original Motion Picture Soundtrack)
1129,Backless
1130,4EVR
1131,Ransom 2
1132,Beethoven: Pathétique & Moonlight Sonatas
1133,In Love With Diljit Dosanjh
1134,Road Trip Classics
1135,Dulaara (Original Motion Picture Soundtrack)
1136,Scars & Screws
1137,S&M (Remixes)
1138,Diesel at EDC Las Vegas 2022: Cosmic Meadow Stage (DJ Mix)
1139,METRO BOOMIN PRESENTS SPIDER-MAN: ACROSS THE SPIDER-VERSE (SOUNDTRACK FROM AND INSPIRED BY THE MOTION PICTURE) [DELUXE EDITION]
1140,ALIEN
1141,Not Now I'm Busy
1142,No Time To Die (Original Motion Picture Soundtrack)
1143,BLAME IT ON BABY (DELUXE)
1144,Coke Studio Season 9: Sound of the Nation
1145,SET IT OFF (Versions)
1146,PLAY
1147,True Story
1148,Future & Juice WRLD Present... WRLD ON DRUGS
1149,Teenage Dream
1150,Still Rollin
1151,Bad Blood (Bonus Track Version)
1152,Kollect Kall - EP
1153,All Things Must Pass (2014 Remaster)
1154,The Bigger Artist
1155,The Pre-Party - EP
1156,Cyborg
1157,Haitian Boy Kodak
1158,Flockaveli
1159,SK Is the Future
1160,House on Fire
1161,Ghost Stories
1162,You're Gonna Love Again (Remixes)
1163,The Complete Roost Recordings
1164,GLORY
1165,Shockwave
1166,Kygo at EDC Las Vegas 2021: Kinetic Field Stage (DJ Mix)
1167,Kolorblind
1168,Lil Boat 3.5
1169,Bonafide
1170,Airlift (Original Motion Picture Soundtrack)
1171,Doorie
1172,Vicky Donor (Original Motion Picture Soundtrack)
1173,Melanchole
1174,Back of My Mind (Apple Music Edition)
1175,mainstream sellout (life in pink deluxe)
1176,BALLADS 1
1177,All His Hits - Mukesh Bhatt
1178,1
1179,Confessions of a Dangerous Mind
1180,Vessel
1181,12 Years a Slave (Music From and Inspired by the Motion Picture)
1182,Rock On (Original Motion Picture Soundtrack)
1183,Now You're Gone - The Album
1184,A Great Chaos
1185,Rip - EP
1186,AIM
1187,ADHD
1188,Jeremih
1189,Capital Punishment
1190,Andhadhun (Original Motion Picture Soundtrack)
1191,In Colour
1192,Cecilia & Bryn: Duets
1193,Time Will Tell - EP
1194,Eternals (Original Motion Picture Soundtrack)
1195,TrapStar Turnt PopStar (Deluxe)
1196,Trackhouse
1197,Christina Aguilera (Expanded Edition)
1198,Class-Sikh
1199,Ambition (Deluxe Version)
1200,Game of Thrones: Season 4 (Music from the HBO Series)
1201,MELLODEATH Tapes Vol. I - EP
1202,Sona
1203,Painting Pictures
1204,Mellokillaz - EP
1205,The Hardest Love
1206,"Scared to Be Lonely (Remixes, Vol. 2) - EP"
1207,Ragini MMS 2 (Original Motion Picture Soundtrack)
1208,Illuminate (Deluxe)
1209,Rain Man (Original Motion Picture Soundtrack)
1210,Tu Jhoothi Main Makkaar (Original Motion Picture Soundtrack)
1211,Starboy (Deluxe)
1212,The Mountain Will Fall
1213,Suga
1214,Positions
1215,Petit Biscuit - EP
1216,Up (Soundtrack from the Motion Picture)
1217,Random Album Title (Unmixed Extended Versions)
1218,Bossa Nova Goes To Nashville
1219,Finally Rich (Deluxe Version)
1220,Horehound
1221,Solow - EP
1222,The Resistance
1223,Murder 2 (Original Motion Picture Soundtrack)
1224,Waking Up (Deluxe Version)
1225,EDM Party
1226,The Lumineers (Deluxe Edition)
1227,Blacc Hollywood (Deluxe Version)
1228,All 4 Nothing
1229,88GLAM2.5
1230,Gold Chain Cowboy (Apple Music Edition)
1231,Mehfil
1232,Superdream
1233,Hypnotize - EP
1234,Shah Rukh Khan's Ultimate Hits
1235,Fever
1236,Shaadi Mein Zaroor Aana (Original Motion Picture Soundtrack)
1237,The Forever Story
1238,Stargazing EP
1239,We Bought a Zoo (Motion Picture Soundtrack)
1240,Mid Air
1241,Ginny Weds Sunny (Original Motion Picture Soundtrack) - EP
1242,PARTYNEXTDOOR 3 (P3)
1243,#SantanaWorld (+)
1244,I Know NIGO!
1245,Code Red
1246,Midnight Memories (Deluxe Edition)
1247,Wired In 4
1248,Planet Her
1249,Tomorrowland Around The World 2020: Dimitri Vegas & Like Mike (DJ Mix)
1250,Ctrl
1251,"SANAM Memories, Vol. 2"
1252,Rage Valley - EP
1253,Kiasmos
1254,Shawn Mendes (Deluxe)
1255,ONEPOINTFIVE
1256,"One, Two"
1257,Khaza
1258,AftërLyfe
1259,ROCKSTAR WITHOUT A GUITAR
1260,Love Aaj Kal (Original Motion Picture Soundtrack)
1261,New Kid on the Block
1262,Architect
1263,"Life Of The Party Mix: DJ Flammzy, Jul 2022, Vol. 1 (DJ Mix)"
1264,Let It Be (2021 Mix)
1265,Naya Zamana
1266,"Party In The Jungle: DJ Fresh Oman, Aug 2023 (DJ Mix)"
1267,Love Me Again (Remix)
1268,Stoney
1269,Pirates of the Caribbean: On Stranger Tides (Soundtrack from the Motion Picture)
1270,Bad Habits (Deluxe)
1271,Sundown
1272,Good Times Ahead
1273,Wow... That's Crazy
1274,"""Awaken, My Love!"""
1275,Peace Like a River: The Hymns Project
1276,Citylights (Original Motion Picture Soundtrack)
1277,DS4EVER
1278,Confessions (Expanded Edition)
1279,Diplo
1280,Madari
1281,X
1282,Hands All Over (Deluxe Edition)
1283,Native (Deluxe)
1284,Mitron (Original Motion Picture Soundtrack)
1285,The Evolution of Man (Deluxe Version)
1286,Levels - EP
1287,Bajrangi Bhaijaan (Original Motion Picture Soundtrack)
1288,Time Served (Deluxe)
1289,"YS Collection, Vol. 1"
1290,It's the World Gone Crazy
1291,Confetti
1292,Ramaiya Vastavaiya (Original Motion Picture Soundtrack)
1293,THE GOAT
1294,In Our Own Sweet Time
1295,Nervous System - EP
1296,HUMAN (Deluxe)
1297,2000
1298,Crush
1299,Yeezus
1300,Us Two - EP
1301,age tape 10 - EP
1302,Flockaveli (Deluxe)
1303,"Only One Flo, Pt. 1 (Deluxe Version)"
1304,The Berry Vest of Gilbert O'Sullivan
1305,Unforgettable
1306,4:20
1307,2 Ka Pahada - EP
1308,Carnival
1309,LoVE me NOw (ReLoAdeD)
1310,SlimeBall 2
1311,BHARIBHATTA BHOSAD - EP
1312,The Great American Songbook
1313,Shadows
1314,Eternal Atake
1315,Press Machine
1316,IT'S NOT A PHASE
1317,Lune Rouge
1318,Doo-Wops & Hooligans (Deluxe)
1319,SoulFly (Deluxe Version)
1320,Blue (Da Ba Dee) - EP
1321,Madness (feat. Lil Jon) [Remixes] - EP
1322,The Best of Hilight Tribe
1323,Trilogy
1324,Late Nights: The Album
1325,Never Say Goodbye (feat. Bright Lights) [Wildstylez Remix] - EP
1326,Welcome (Original Motion Picture Soundtrack)
1327,love is not dying (Deluxe Version)
1328,Hard To Imagine The Neighbourhood Ever Changing
1329,Fearless (Taylor's Version)
1330,ILLENIUM at EDC Las Vegas 2022: Kinetic Field Stage (DJ Mix)
1331,Just a Little More Love
1332,BRAT
1333,Sospiri
1334,The Lord of the Rings: The Fellowship of the Ring (Original Motion Picture Soundtrack)
1335,Dreams and Nightmares (Deluxe Version)
1336,= (Tour Edition)
1337,Rave & Roses Ultra
1338,Haseena Parkar (Original Motion Picture Soundtrack)
1339,Paradise Again: The Live Album
1340,Happy New Year (Original Motion Picture Soundtrack)
1341,Harder Than Hard
1342,Bajirao Mastani (Original Motion Picture Soundtrack)
1343,Rebirth (Deluxe Version)
1344,Life of a Dark Rose
1345,It Was Good Until It Wasn't
1346,In for the Kill Remixes - EP
1347,My House
1348,WZRD
1349,Human
1350,Malaal (Original Motion Picture Soundtrack)
1351,Piece of Mind (Remastered)
1352,ROOM202 dlux
1353,A Place We Knew
1354,Stmpd Rcrds Mixtape 2022 Side A
1355,Who is Nardo Wick?
1356,Hotel California (Deluxe Version)
1357,everything means nothing
1358,Confetti Nights
1359,PRISM (Deluxe Version)
1360,The Way That Lovers Do
1361,It's Not Me It's You (Deluxe)
1362,Deadbeats & Brownies - Drum & Bass Compilation
1363,Planet Her (Deluxe)
1364,"Tomorrowland 2022: Netsky at Crystal Garden, Weekend 1 (DJ Mix)"
1365,Tiger Zinda Hai (Original Motion Picture Soundtrack)
1366,The Heist (Deluxe Edition)
1367,Man On The Moon II: The Legend Of Mr. Rager (Deluxe Edition)
1368,Beethoven: Piano Concertos Nos. 4 & 5
1369,Drip Season 3
1370,Expensive Pain
1371,FLASH WARNING - EP
1372,Paris (Remixes) - EP
1373,Naïve - EP
1374,Anjaana Anjaani (Original Motion Picture Soundtrack)
1375,Pirates of the Caribbean: Dead Man's Chest (Soundtrack from the Motion Picture)
1376,"Quality Control: Control The Streets, Vol. 2"
1377,Highway 61 Revisited
1378,"Quality Control: Control the Streets, Vol. 1"
1379,Secret Life
1380,Mozart: Symphonies Nos. 25 & 39
1381,The Colour in Anything
1382,Kyun! Ho Gaya Na (Original Motion Picture Soundtrack)
1383,Bet On Me
1384,RED & WHITE - EP
1385,Kala
1386,Iron Man 3 (Original Motion Picture Soundtrack)
1387,Youngblood (Deluxe)
1388,Bang - EP
1389,ANIMAL (Original Motion Picture Soundtrack)
1390,BE
1391,"Self Made, Vol. 3"
1392,Aate Di Chiri
1393,Grim Town
1394,Death Race for Love
1395,Inv 3
1396,Bollywood Grooves 2
1397,Poster Girl
1398,niteharts
1399,Eve 6
1400,Father of Asahd
1401,There's Really A Wolf
1402,Back In Black
1403,Layover - EP
1404,"Dropped Frames, Vol. 1"
1405,Raid (Original Motion Picture Soundtrack)
1406,Talaash (Original Motion Picture Soundtrack)
1407,Universally SANAM - EP
1408,"Passion, Pain & Demon Slayin'"
1409,Sultan (Original Motion Picture Soundtrack)
1410,Montega (Deluxe)
1411,Industry Plant
1412,Led Zeppelin II
1413,Justice (The Complete Edition)
1414,"Mozart: Requiem, K. 626"
1415,Phillauri (Original Motion Picture Soundtrack)
1416,Victims & Villains
1417,High Expectations
1418,UNDER8ED
1419,F*CK LOVE 3+: OVER YOU
1420,Man of Steel (Original Motion Picture Soundtrack) [Deluxe Edition]
1421,Billie Holiday
1422,Kaali Kaali Zulfon Ke
1423,23
1424,Been One
1425,MANSION MUSIK
1426,Aap Kaa Surroor
1427,I Had a Dream That You Were Mine
1428,Hyperion
1429,CARNIVAL PACK - EP
1430,The Great Escape
1431,Whiplash (Original Motion Picture Soundtrack)
1432,True to Self
1433,Paper Planes (Homeland Security Remixes) - EP
1434,Ford v Ferrari (Original Score)
1435,"Mozart: Violin Sonatas K. 301, 304, 376 & 526"
1436,WAY2GEEKED
1437,Ready to Die (The Remaster)
1438,Marz - EP
1439,"Songs You've Been Asking For, Vol. 2 (DJ Mix)"
1440,Forever
1441,Izafa - EP
1442,Rebirth
1443,ANTI (Deluxe)
1444,Shehron Ke Raaz - EP
1445,This Mixtape Is Fire
1446,8 Chances
1447,MultiVersus (Original Video Game Soundtrack)
1448,1920 Evil Returns (Original Motion Picture Soundtrack)
1449,Munna Michael (Original Motion Picture Soundtrack)
1450,Kal Ho Naa Ho (Original Motion Picture Soundtrack)
1451,"Mac ""Oh Shit"" Catalina  Freestyle (Instrumental)"
1452,Baby On Baby 2
1453,Astral Projection (Deluxe Edition)
1454,Here For Now (Deluxe)
1455,3 (Original Motion Picture Soundtrack)
1456,Phir Bhi Dil Hai Hindustani (Original Motion Picture Soundtrack)
1457,Beethoven: Sinfonie No. 7 / Die Weihe des Hauses (2021 Remastered Version)
1458,7220 (Reloaded)
1459,Goodnight Paradise
1460,More Than Alot
1461,Faith (Deluxe)
1462,Star Wars: A New Hope (Original Motion Picture Score)
1463,Mtv Hustle 2.0
1464,Stranger Than Fiction
1465,Cracker Island (Deluxe)
1466,Singhs With Attitude - EP
1467,R...Rajkumar (Original Motion Picture Soundtrack)
1468,Up All Night (Deluxe Version)
1469,Junoon
1470,"Money Sucks, Friends Rule"
1471,Vol.2... Hard Knock Life
1472,Bollywood Instrumentals
1473,Mixmash Takeover: Miami 2022 (DJ Mix)
1474,Jagga Jasoos (Original Motion Picture Soundtrack)
1475,The Massacre
1476,New Music Mix
1477,Pink Tape: Level 4 - EP
1478,Buy or Bye 2 (Deluxe)
1479,The Rest Is History
1480,Heartbreak on a Full Moon
1481,I'm Almost Better 3
1482,Shuddh Desi Romance (Original Motion Pictures Soundtrack)
1483,Colonel Bagshot
1484,Both Fresh Beats
1485,Shiesty Season - Spring Deluxe
1486,Fifty Shades Freed (Original Motion Picture Soundtrack)
1487,Zara Hatke Zara Bachke (Original Motion Picture Soundtrack) - EP
1488,Jo Jeeta Wohi Sikandar (Original Motion Picture Soundtrack)
1489,LIVE LIFE FAST
1490,Overdrive - EP
1491,NobodyListen: 15YRS (DJ Mix)
1492,Pretty Girls Like Trap Music
1493,I Am You
1494,Wild West
1495,White Pony (20th Anniversary Deluxe Edition)
1496,MONTANA
1497,Troubadour
1498,The Dark Side of the Moon
1499,Qdig046 Hardstyle #4 2022
1500,Maybe It's Me...
1501,Nothing But the Best (Remastered)
1502,Best of YRF 2015
1503,Dancing In The Flames - EP
1504,The Wall
1505,ItWasntEnough - EP
1506,Loveshhuda (Original Motion Picture Soundtrack)
1507,Udta Punjab (Original Motion Picture Soundtrack)
1508,Playing Sports - EP
1509,TROLLS (Original Motion Picture Soundtrack)
1510,Mos Def & Talib Kweli Are Black Star
1511,Enter The Wu-Tang (36 Chambers) [Expanded Edition]
1512,4 ON DA FLOOR - EP
1513,John Denver
1514,25
1515,Skiptracing
1516,Blazing Retro Hits
1517,DRMVRSE Remixes
1518,"Miami 2014 (Mixed by MYNC, Carnage, Sunnery James & Ryan Marciano, Wayne & Woods)"
1519,Idlewild South (Deluxe Edition)
1520,"DTG, Vol. 1"
1521,Sommer Auto Vibes 2023
1522,Masty
1523,Forget the World (Deluxe Version)
1524,1984
1525,KYGO
1526,Hero (Original Motion Picture Soundtrack)
1527,Sweet Dreams (Are Made of This) [Deluxe Edition]
1528,The Spirit of Bhaag Milkha Bhaag
1529,Help!
1530,Death Race For Love (Bonus Track Version)
1531,Teenage Emotions
1532,Taare Zameen Par (Original Motion Picture Soundtrack)
1533,"Tomorrowland 2022: Alan Walker at Mainstage, Weekend 2 (DJ Mix)"
1534,Bad Habits
1535,This Is Acting (Deluxe Version)
1536,Jab Harry Met Sejal (Original Motion Picture Soundtrack)
1537,Majówka 2023
1538,Strangers
1539,Imposters - EP
1540,Tadipaar (Original Motion Picture Soundtrack)
1541,Vince Staples
1542,Drive (Original Motion Picture Soundtrack)
1543,SAGITARIO
1544,The New Classic (Deluxe Version)
1545,Big Fish Theory
1546,hopeless fountain kingdom (Deluxe)
1547,Badmaash Company (Original Motion Picture Soundtrack)
1548,Positions (Deluxe)
1549,Ofive1
1550,Oracular Spectacular
1551,Tabia
1552,The New Toronto 3
1553,bellodrama
1554,JAGUAR - EP
1555,Coke Studio Season 7
1556,All Eyez On Me (Remastered)
1557,Manmarziyaan (Original Motion Picture Soundtrack)
1558,A Thousand Suns (Deluxe Edition)
1559,Gumbo
1560,Pink
1561,Delta Kream (Bonus Track Version)
1562,Cottonwood
1563,Zaeden 02
1564,Revolve (The Deluxe Edition)
1565,The Cars (Deluxe Edition)
1566,Ishaqzaade (Original Motion Picture Soundtrack)
1567,Bodyguard (Original Motion Picture Soundtrack)
1568,Double Up
1569,TRANE Tracks (DJ Mix)
1570,True 2 Myself
1571,Aksar (Original Motion Picture Soundtrack)
1572,Laapataa Ladies (Original Motion Picture Soundtrack)
1573,The Dune Sketchbook (Music from the Soundtrack)
1574,Role Model
1575,You Don't Mess Around with Jim
1576,The Poison (Deluxe Version)
1577,Face Dances (Bonus Track Version)
1578,Jackpot (Original Motion Picture Soundtrack)
1579,80's Symphonic
1580,The Invisible Garden
1581,SIDEPIECE at EDC Mexico 2023: Kinetic Field Stage (DJ Mix)
1582,Bang Bang (Original Motion Picture Soundtrack)
1583,Transformers: The Score
1584,"Pro Backing Tracks E, Vol.4"
1585,Every Nite - EP
1586,Turn Off the Lights - EP
1587,Four You - EP
1588,Made You Proud
1589,Shelby
1590,Underneath the Pine (Instrumentals)
1591,Rocket Power
1592,American Teen
1593,Floor Seats II
1594,Chetavni
1595,Bollywood Remix
1596,Exis - EP
1597,Ae Dil Hai Mushkil (Deluxe Edition) [Original Motion Picture Soundtrack]
1598,Songs from the Big Chair
1599,"The Hunger Games: Mockingjay, Pt. 2 (Original Motion Picture Soundtrack)"
1600,Pemberleigh
1601,Both of Us / Are U Down - EP
1602,Immaterial
1603,Ready for the Weekend (Bonus Track Version)
1604,AudioLust & HigherLove
1605,LIFTED
1606,Desi Kalakaar
1607,21st Century Breakdown (Deluxe Edition)
1608,Boss (Original Motion Picture Soundtrack)
1609,Burning Rings of Helios
1610,Amsterdam Twerk Music - EP
1611,Wanted (Original Motion Picture Soundtrack)
1612,NAKSHATRA
1613,1989 (Taylor's Version)
1614,Prayer
1615,Khoobsurat (Original Motion Picture Soundtrack)
1616,ye
1617,Bollywood Best Party Songs 2018
1618,Hate Story IV (Original Motion Picture Soundtrack)
1619,Ultimate 80s Party Mega Mix
1620,FutureSex/LoveSounds (Deluxe Edition)
1621,ColleGrove (Bonus Track Version)
1622,Creature 3D (Original Motion Picture Soundtrack)
1623,Doolittle
1624,Sucker (Deluxe Version)
1625,Prem Ratan Dhan Payo (Original Motion Picture Soundtrack)
1626,Samsara
1627,Loveyatri - A Journey of Love (Original Motion Picture Soundtrack)
1628,London Dreams (Original Motion Picture Soundtrack)
1629,Neendein
1630,Delhi-6 (Original Motion Picture Soundtrack)
1631,Signed to the Streets 2.5
1632,FREE 6LACK (Bonus Track Version)
1633,Making Memories
1634,2HEARTs dlux
1635,Lekh
1636,The Thin Red Line (Original Motion Picture Soundtrack)
1637,Westworld: Season 4 (Soundtrack from the HBO® Series)
1638,Tetris (Motion Picture Soundtrack)
1639,The State vs. Radric Davis (Deluxe)
1640,Blue Line Extended Play
1641,Green River
1642,I Told You (Deluxe Edition)
1643,Save Rock And Roll
1644,Roy (Original Motion Picture Soundtrack)
1645,Future House 2016-01 - Armada Music
1646,Ek Ladki Ko Dekha Toh Aisa Laga (Original Motion Picture Soundtrack)
1647,Malang - Unleash the Madness (Original Motion Picture Soundtrack)
1648,The Sound of Revealed 2012 (Mixed by Dannic & Dyro)
1649,The Gorilla Bounce
1650,Jaime: Reimagined
1651,Gladiator: 20th Anniversary Edition
1652,Millennium
1653,Currents
1654,The Indian Hip-Hop Compilation Vol. 2
1655,Jadu Salona - EP
1656,folklore
1657,Pink Friday: Roman Reloaded the Re-Up (Booklet Version)
1658,Mercury - Acts 1 & 2
1659,Hindi Medium (Original Motion Picture Soundtrack)
1660,Certified Hitmaker (AVA Leak)
1661,K.I.D.S.
1662,King of Memphis
1663,Woptober II
1664,Tuesdays & Fridays (Original Motion Picture Soundtrack)
1665,Lyfë
1666,Bang My Head (feat. Sia & Fetty Wap) [Remixes] - EP
1667,Army of Thieves (Soundtrack from the Netflix Film)
1668,La Ironía del Tiempo - EP
1669,Kesari (Original Motion Picture Soundtrack)
1670,Viva la Vida (Prospekt's March Edition)
1671,Bobby Tarantino II
1672,Hall of Fame 2.0
1673,...And Justice for All (Remastered)
1674,Over Seas
1675,Joytime III
1676,Things I Wanted To Tell You - EP
1677,Sorry 4 The Wait
1678,Happy Birthday Kodak - EP
1679,Time Capsule
1680,Feel Infinite
1681,Singh Is Kinng (Original Motion Picture Soundtrack)
1682,SOUR
1683,Day Trip to Broward
1684,The Script (Deluxe)
1685,Dangerous Levels of Introspection (Deluxe Edition)
1686,Kedarnath (Original Motion Picture Soundtrack)
1687,The Twilight Saga: New Moon (Deluxe Version) [Original Motion Picture Soundtrack]
1688,The Brownprint
1689,Bicep
1690,All That You Can't Leave Behind (20th Anniversary Super Deluxe Edition)
1691,Let It Bleed (2019 Remaster)
1692,Aaja Nachle (Original Motion Picture Soundtrack)
1693,The Slim Shady LP (Expanded Edition)
1694,N.W.A. Greatest Hits
1695,Chhichhore (Original Motion Picture Soundtrack)
1696,This Is Acting
1697,The HUMAN FORM (feat. Aerate Sound)
1698,PTSD
1699,Happy Vibes - EP
1700,Rachna No Dabbo (Original Motion Picture Soundtrack) - EP
1701,Black Panther: Wakanda Forever Prologue - EP
1702,Jungle
1703,"Fitness: Ride, January 2023 (DJ Mix)"
1704,BREAK THE SILENCE
1705,Beethoven: Symphonies Nos. 5 & 7
1706,Coke Studio Sessions: Season 2
1707,Those Summer Days
1708,Bhool Bhulaiyaa 2 (Original Motion Picture Soundtrack)
1709,Constellations - EP
1710,New Energy
1711,DROPPED OUTTA COLLEGE
1712,The Platters
1713,GO:OD AM
1714,Secret Superstar (Original Motion Picture Soundtrack)
1715,ILLENIUM
1716,MONTERO
1717,Pokemon X - 10 Years of Pokemon
1718,A Hundred Million Suns (Deluxe)
1719,My Moment
1720,DON'T SLEEP
1721,Cleopatra
1722,9 Days / Cranes
1723,Peace Is the Mission
1724,36 China Town (Original Motion Picture Soundtrack)
1725,Freedom. - EP
1726,Deep Down Low Remixes (Part 2) - EP
1727,Commando (Deluxe)
1728,Tanu Weds Manu (Original Motion Picture Soundtrack)
1729,Makeshift Moon - EP
1730,Beautiful Mind
1731,Nudy Land
1732,Sukoon-E-Sanam
1733,No Competition
1734,Heaux Tales
1735,How to Train Your Dragon: The Hidden World (Original Motion Picture Soundtrack)
1736,CAGE SCRIPT
1737,Final Straw
1738,Udaan (Original Motion Picture Soundtrack)
1739,Breathe In
1740,Actual Life Piano EP (April 14 - December 17 2020)
1741,Clarity
1742,Glockoma
1743,Trapholizay
1744,Good News
1745,Band Baaja Baaraat (Original Motion Picture Soundtrack)
1746,Do Lafzon Ki Kahani (Original Motion Picture Soundtrack)
1747,Ordinary Man
1748,Random Access Memories
1749,Addiction - EP
1750,All Stand Together
1751,OK ORCHESTRA
1752,"Good Times, Bad Times... Ten Years of Godsmack"
1753,Raat Raazi - EP
1754,Badhaai Ho (Original Motion Picture Soundtrack)
1755,Little by Little
1756,Tomorrowland Around The World 2020: Alan Walker
1757,Collision Course (Bonus Video Version) - EP
1758,Superpower 2020
1759,Lines in Wax - EP
1760,Texas Technician
1761,"Gravity, Pt. 1 (Remixes) - EP"
1762,Loud (Deluxe)
1763,Give the Drummer Some
1764,Kindred Spirits - EP
1765,love + everything else
1766,Clan Way 3
1767,VHS 2.0
1768,"HELLRAISERS, Part 1"
1769,Ramzat 3 - Non Stop Garba
1770,THE TORTURED POETS DEPARTMENT: THE ANTHOLOGY
1771,Holiday - A Soldier Is Never off Duty (Original Motion Picture Soundtrack)
1772,Before the Reign
1773,Haqiqat - EP
1774,"thank u, next"
1775,For You
1776,Drunken Wordz Sober Thoughtz
1777,Back 2 Love
1778,Falak - The E.P - EP
1779,Whispers (Deluxe Version)
1780,Recovery (Deluxe Edition)
1781,False Promises - EP
1782,Waste My Love - EP
1783,The Shaukeens (Original Motion Picture Soundtrack)
1784,Baaghi 2 (Original Motion Picture Soundtrack)
1785,Gold Skies (Remixes) [feat. Aleesia] - EP
1786,Welcome to the Madhouse (Deluxe)
1787,Shivaay (Original Motion Picture Soundtrack)
1788,Scary Hours - EP
1789,Ctrl (Deluxe)
1790,RICH YOUNGIN
1791,Tree House Tapes - EP
1792,Konvicted (Complete Edition)
1793,Agent Vinod (Original Motion Picture Soundtrack)
1794,Mickey Virus (Original Motion Picture Soundtrack)
1795,A Fever You Can't Sweat Out
1796,"Best Friend (feat. NERVO, The Knocks & Alisa Ueno) [The Remixes] - EP"
1797,RENAISSANCE
1798,Reprise
1799,Disney's Family Christmas Collection
1800,Bala (Original Motion Picture Soundtrack)
1801,=
1802,Believe Acoustic
1803,Wonder Woman (Original Motion Picture Soundtrack)
1804,How to Save a Life
1805,Sammukh
1806,Coke Boys 6: Money Heist Edition
1807,Poetica (feat. Nadia Ali)
1808,Careless World: Rise of the Last King
1809,SYRE
1810,T R A P S O U L (Deluxe)
1811,Badhaai Do (Original Motion Picture Soundtrack)
1812,Motorcycle Wale
1813,A Gangsta’s Pain: Reloaded
1814,HiROQUEST 2: Double Helix
1815,The Marshall Mathers LP2 (Deluxe)
1816,For Fox Sake - EP
1817,The Rising Tied (Deluxe Edition)
1818,Table No. 21 (Original Motion Picture Soundtrack)
1819,Sifar
1820,"Dance Powerhits, Vol. 2 - 2013"
1821,Celebrating World Music day- Best Gujarati of Red Ribbon
1822,Nicky Romero at EDC Mexico 2023: Kinetic Field Stage (DJ Mix)
1823,Jab Tak Hai Jaan (Original Soundtrack)
1824,Moon Stone - EP
1825,Doppelganger
1826,Summer in the Winter
1827,Singham (Original Motion Picture Soundtrack)
1828,Endless - EP
1829,Rise of an Empire (Deluxe Edition)
1830,The Lord of the Rings: The Two Towers (Original Motion Picture Soundtrack)
1831,Chase Atlantic
1832,You Should Be Here
1833,The Middle - EP
1834,Race (Original Motion Picture Soundtrack)
1835,PARTYPACK
1836,Southernplayalisticadillacmuzik
1837,All About You (Deluxe Edition)
1838,"Infinity (feat. ILIRA, iiola & Tom Cane)"
1839,bloom
1840,Fresh All the Way
1841,Smoke + Mirrors (Deluxe)
1842,Selection 2009
1843,Santa Barbara - EP
1844,The Black Album
1845,"Anyways, Life’s Great…"
1846,Exclusive (Expanded Edition)
1847,The Trinity
1848,After The Gold Rush (50th Anniversary Bonus Tracks Edition)
1849,The Arrival
1850,Musica che ti fa sorridere
1851,Harry Potter and the Order of the Phoenix (Original Motion Picture Soundtrack)
1852,"Triple F Life: Friends, Fans & Family (Deluxe Version)"
1853,I’m Up
1854,Sellout
1855,Brave
1856,7220
1857,The Highlights (Deluxe)
1858,Rated R
1859,.5: The Gray Chapter (Special Edition)
1860,Dum Laga Ke Haisha (Original Motion Picture Soundtrack)
1861,Level 1 - EP
1862,Jaime (Reimagined)
1863,BINGE
1864,Girl Code
1865,Arjun Kanungo - The Rising Star - EP
1866,Sorry for Party Rocking (Deluxe Version)
1867,"Mozart: Flute Concertos Nos. 1, 2 & Concerto for Flute & Harp"
1868,Scenic Drive (The Tape)
1869,Magna Carta... Holy Grail
1870,Rokstarr (Bonus Track Version)
1871,And It Goes Like This...
1872,PLAN A
1873,YEA Babby
1874,Ted Lasso: Season 2 (Apple TV+ Original Series Soundtrack)
1875,Something to Get You Hyped
1876,Trapped Outside 1.0
1877,The Dark Knight Rises (Original Motion Picture Soundtrack) [Deluxe Edition]
1878,MKTO
1879,Arrival
1880,Johar Mehmood In Hong Kong (Original Soundtrack)
1881,800 BC
1882,Hooked - EP
1883,My 21st Century Blues
1884,The Versatyle Child
1885,Side B - EP
1886,Songs of the Saxophones
1887,A Brief Inquiry Into Online Relationships
1888,Shelley FKA DRAM
1889,Trance the Ultimate Collection Best Of 2013
1890,Ted Lasso: Season 3 (Apple TV+ Original Series Soundtrack)
1891,楽園 - EP
1892,Tomorrowland 2019: KSHMR (DJ Mix)
1893,Paachad Ni Joyu - EP
1894,The Blueprint
1895,Best Hits of 2023
1896,Mozart: Piano Sonatas
1897,Lust for Life
1898,Evil Genius
1899,; (Semicolon) - EP
1900,Jannat (Original Motion Picture Soundtrack)
1901,FUTURE (Deluxe Edition)
1902,Khuda Haafiz (Original Motion Picture Soundtrack) - EP
1903,Mozart: Symphonies Nos. 38-41
1904,Oracle - EP
1905,New Eyes
1906,Nishu
1907,Europop
1908,Vibras
1909,Eat a Peach (Deluxe Edition)
1910,MEMORIES DON'T DIE
1911,The Seduction Ep
1912,Lazy POP - EP
1913,SHAKE THE SNOW GLOBE (DELUXE)
1914,Melodrama
1915,Arjun Patiala (Original Motion Picture Soundtrack)
1916,Bhool Bhulaiyaa (Original Motion Picture Soundtrack)
1917,Hai Bharosa
1918,"Bear's Sonic Journals: Live at The Carousel Ballroom, 4/24/1968"
1919,Beast
1920,Rab Ne Bana Di Jodi (Original Motion Picture Soundtrack)
1921,Ghajini (Original Motion Picture Soundtrack)
1922,Port of Miami
1923,Saathiya (Original Motion Picture Soundtrack)
1924,Avengers: Endgame (Original Motion Picture Soundtrack)
1925,Coke Studio Season 6
1926,Stoney (Complete Edition)
1927,Kush & Orange Juice
1928,Marshmello Fortnite Extended Set (DJ Mix)
1929,Gal Dil Di
1930,Dear Zindagi (Original Motion Picture Soundtrack)
1931,Jonas Blue: Electronic Nature - The Mix 2017
1932,Jai Ram (From Ramcharitmanas)
1933,PK (Original Motion Picture Soundtrack)
1934,"Sincerely, Tokyo"
1935,Out of Time (25th Anniversary Edition)
1936,2 Federal
1937,STAY DANGEROUS
1938,Ambient Fruits Music Vol. 1 Relaxing Piano
1939,"Beethoven: Appassionata, (Waldstein, the Tempest)"
1940,Torment In Fire
1941,Rich Crack Baby
1942,Lil Durk Presents: Loyal Bros 2
1943,Beach House 3
1944,TVアニメ「Dr.STONE」オリジナルサウンドトラック2
1945,Non Stop Garba 2016
1946,I Decided.
1947,Not In Chronological Order
1948,Mozart: Piano Sonatas Nos. 15 & 16; Rondo in A Minor
1949,Out of Ashes
1950,Heartless (Original Motion Picture Soundtrack)
1951,"Rap, Vol. 2 (DJ Mix)"
1952,HITGIRL
1953,The Eminem Show
1954,Spoken Word - EP
1955,Beethoven: Piano Sonatas Opp. 27 & 109
1956,Beautiful Rewind
1957,The Beautiful & Damned (Deluxe Edition)
1958,Superfly (Soundtrack from the Motion Picture)
1959,B.I.B.L.E.
1960,Bless Yo Trap
1961,Tha Fix Before Tha VI
1962,I'll Be Your Girl
1963,Welcome 2 Collegrove
1964,Mariola - EP
1965,Bhaag Johnny (Original Motion Picture Soundtrack)
1966,Who is Nardo Wick?? (Deluxe)
1967,Results May Vary
1968,The Human Condition
1969,Chuck
1970,Seven Days
1971,B4 The Storm (Complete Edition)
1972,Body Riddle
1973,The Fray
1974,Luka Chuppi (Original Motion Picture Soundtrack)
1975,digital druglord
1976,What Came Before
1977,Technicolor Dreamer (Bonus Track Version)
1978,The Mandalorian: Season 2 - Vol. 2 (Chapters 13-16) [Original Score]
1979,Trench Baby 3
1980,Salaam Namaste (Original Motion Picture Soundtrack)
1981,Brothers (Original Motion Picture Soundtrack)
1982,The Young Bombs Show - EP
1983,In Search of Sunrise 10 - Australia (Bonus Track Version)
1984,Trishna Lounge
1985,Peace Is The Mission
1986,"Stranger Things, Vol. 1 (A Netflix Original Series Soundtrack)"
1987,Genesis 1:1
1988,Moon Music (Full Moon Edition)
1989,Masti Nahi Bhai Se - EP
1990,Malibu Nights
1991,Shady Baby
1992,Judas and the Black Messiah: The Inspired Album
1993,"Mozart: Exsultate, Jubilate; Vesperae Solennes De Confessore, Kyrie in D Minor & Ave Verum Corpus"
1994,A Love Letter to You
1995,The Magic Whip
1996,Overexposed (Deluxe Version)
1997,High School Musical: The Musical: The Series (Music from the Disney+ Original Series)
1998,O
1999,THE FALLING MAN
2000,Trap Motivazionale
2001,Hood Baby 2
2002,12 Memories
2003,43VA HEARTLESS
2004,The Da Vinci Code (Original Motion Picture Soundtrack)
2005,We Love You Tecca
2006,Good Boy Bad Boy (Original Motion Picture Soundtrack)
2007,Age 19
2008,Magic Is Real
2009,Best of Arijit Singh - Starring Ranbir Kapoor
2010,Rolling Papers (Deluxe 10 Year Anniversary Edition)
2011,One More Love (Deluxe Version)
2012,Marjaavaan (Original Motion Picture Soundtrack)
2013,Go+
2014,Dev D (Original Motion Picture Soundtrack)
2015,Mr.Mob the Drop Out Deluxe
2016,MICHAEL
2017,"Mozart: Don Giovanni, K. 527"
2018,My World (iTunes Exclusive Edition)
2019,Illuminate
2020,Legendary (Deluxe Edition)
2021,Artist 2.0
2022,Westworld: Season 2 (Music from the HBO Series)
2023,Jism 2 (Original Motion Picture Soundtrack)
2024,Circus (Deluxe Version)
2025,"The Chronicles of Narnia - The Lion, the Witch and the Wardrobe"
2026,The Best 60s Album In The World...Ever!
2027,"London, Paris, New York (Original Motion Picture Soundtrack)"
2028,"Whole Lotta Red V1, Pt. 2"
2029,Raabta (Original Motion Picture Soundtrack)
2030,Luca Brasi 2: A Gangsta Grillz Special Edition
2031,Songs In A Minor (Deluxe Edition)
2032,Tere Naal Love Ho Gaya (Original Motion Picture Soundtrack)
2033,Summer of Love
2034,Excuse My French (Deluxe)
2035,Heritage
2036,Everybody Can't Go
2037,"D.A.B. Muzic, Vol. 1"
2038,Mail On Sunday
2039,Mini World
2040,Somewhere Else
2041,Pearl Harbor - Original Motion Picture Soundtrack
2042,Batman v Superman: Dawn of Justice (Original Motion Picture Soundtrack)
2043,The Marshall Mathers LP
2044,KRS-One
2045,One
2046,Out of Our Heads
2047,The Creator (Original Motion Picture Soundtrack)
2048,State of Emergency - EP
2049,Fanaa (Original Motion Picture Soundtrack)
2050,Jugjugg Jeeyo (Original Motion Picture Soundtrack)
2051,Tamasha (Original Motion Picture Soundtrack)
2052,Kabhi Aisa Lagta Hai
2053,Rang Rasiya
2054,Charismatic Sasha - Shahid
2055,Don (Original Motion Picture Soundtrack)
2056,The Band (Remastered)
2057,8 Mile (Music From And Inspired By The Motion Picture)
2058,Led Zeppelin
2059,Khel Khel Mein (Original Motion Picture Soundtrack)
2060,4OKI - EP
2061,Original Dan
2062,Towards The Moon - EP
2063,Revelación - EP
2064,Rock and Dhol
2065,Halcyon Days (Deluxe Edition)
2066,PRE5L - EP
2067,20th Century Masters - The Millennium Collection: The Best of Dusty Springfield
2068,Streetz Callin
2069,Akull On The Beat - EP
2070,"Only One Flo, Pt. 1"
2071,Dear America - EP
2072,Flashpoint
2073,Big Generator
2074,MIDNIGHT
2075,When It's Dark Out
2076,Norman Fucking Rockwell!
2077,RAAZ - The Mystery Continues (Original Motion Picture Soundtrack)
2078,Judaiyaan - EP
2079,Hybrid Theory (20th Anniversary Edition)
2080,F.E.A.R. (Bonus Track Version)
2081,Pyaar Impossible (Original Soundtrack) - EP
2082,Odyssey Europa 3
2083,Fallen Embers (Deluxe Version)
2084,Salad Days
2085,"THHM Street Mix, Vol.1 - EP"
2086,Coke Studio S4
2087,GET OVER IT - EP
2088,Good Lies
2089,Me vs. Myself (Deluxe)
2090,Three Days Grace (Expanded Edition)
2091,BRELAND EP
2092,The Golden Boy
2093,Danger Do Not Trespass
2094,Ranchod Rangila
2095,OK Jaanu (Original Motion Picture Soundtrack)
2096,Why Do We Shake in the Cold? (Deluxe Album)
2097,Tiësto at EDC Las Vegas 2022: Kinetic Field Stage (DJ Mix)
2098,Hell On Earth
2099,Euphoric Sad Songs
2100,THE END OF EVERYTHING
2101,Azhar (Original Motion Picture Soundtrack)
2102,Say Less - EP
2103,Dandiya Dance Mix
2104,Mantra
2105,Murder 3 (Original Motion Picture Soundtrack)
2106,While We Wait
2107,Slowdive
2108,Shor In the City (Original Motion Picture Soundtrack)
2109,Sanwarey - EP
2110,Nothing Inside - EP
2111,More of the Monkees (Deluxe Edition)
2112,2 Heartless
2113,Swim
2114,Kabhi Khushi Kabhie Gham (Original Motion Picture Soundtrack)
2115,Raja Hindustani (Original Motion Picture Soundtrack)
2116,Love. Angel. Music. Baby (Deluxe Version)
2117,"Fitness: Run, May 2023 (DJ Mix)"
2118,"Tomorrowland 2022: MATTN at Mainstage, Weekend 1 (DJ Mix)"
2119,Butter / Permission to Dance - EP
2120,Game of Thrones: Season 5 (Music from the HBO Series)
2121,"Hood Life Krisis, Vol. 1"
2122,Milky Way
2123,Sail Out - EP
2124,When Will We Land?
2125,M-City - EP
2126,Shiesty Season: Certified
2127,Taal (Original Motion Picture Soundtrack)
2128,"Tomorrowland 2022:  Steve Aoki at Mainstage, Weekend 2 (DJ Mix)"
2129,Baar Baar Dekho (Original Motion Picture Soundtrack)
2130,Lil Duke
2131,Tha Carter IV (Deluxe Edition)
2132,Chennai Express (Original Motion Picture Soundtrack)
2133,Tanu Weds Manu Returns (Original Motion Picture Soundtrack)
2134,NYC ♥ EDM
2135,Dark Times
2136,Shine On (Deluxe Edition)
2137,No Lookin' Back - EP
2138,A Town Called Paradise
2139,Daylist - Dance
2140,Which Way is Forward?
2141,"Magic Island, Music for Balearic People (Mixed By Roger Shah)"
2142,Classical Masterpieces
2143,Drops of Jupiter
2144,State of Confusion
2145,Them Crooked Vultures
2146,Blue Planet II (Original Television Soundtrack)
2147,Gehraiyaan (Original Motion Picture Soundtrack)
2148,Unorthodox Jukebox
2149,2000's-2010's Retrogamer
2150,Death of a Bachelor
2151,Wajah Tum Ho (Original Motion Picture Soundtrack)
2152,Free the Universe (Extended Version)
2153,What Colour Is Your Raindrop
2154,Newcomer - EP
2155,The Ladakh Project - EP
2156,Radical Optimism
2157,Thug Life Outlawz Chapter 1
2158,Bombay Dreams
2159,Kyaa Super Kool Hain Hum (Original Motion Picture Soundtrack)
2160,Haunted House - EP
2161,Sorry 4 What
2162,Starrah X Diplo - EP
2163,1999
2164,Marvel's Spider-Man (Original Video Game Soundtrack)
2165,"Dead Man Walking, Pt. 1 - EP"
2166,"Khamma Nonstop Hiphop Garba (feat. Geeta Rabari, Santvani Trivedi & Umesh Barot)"
2167,Planet Pit (Deluxe Version)
2168,Too Good To Be True
2169,Welcome to O'Block
2170,Robathon
2171,O Piya
2172,Lagori
2173,BellBottom (Original Motion Picture Soundtrack)
2174,Watching Movies with the Sound Off (Deluxe Edition)
2175,Get Rich or Die Tryin' (Music from and Inspired By the Motion Picture)
2176,T.R.U. REALigion (Anniversary Edition)
2177,STOKELEY
2178,Top Chef Gotit
2179,Outside
2180,Hood Hottest Princess
2181,Apple Music Awards 2020 Live - EP
2182,Demons Protected By Angels (Bonus Version)
2183,In the Jungle Groove
2184,Cult Classics
2185,Revolver
2186,Up for Days
2187,Metallica
2188,Kung Fu Panda (Original Motion Picture Soundtrack)
2189,The Voice (Deluxe)
2190,Pirates of the Caribbean: At World's End (Soundtrack from the Motion Picture)
2191,Ra-One (Original Motion Picture Soundtrack)
2192,Dutch (Original Motion Picture Soundtrack)
2193,Tomorrowland Around The World 2020: Steve Aoki
2194,Trials & Tribulations (Deluxe Version)
2195,"Brahms: Symphony No. 4 (Live At Walt Disney Concert Hall, Los Angeles / 2011)"
2196,"22, A Million"
2197,VISIONLAND
2198,Flamingo Nights: Vol. 3 Amsterdam (feat. Deniz Koyu)
2199,Walking On a Dream (Special Edition)
2200,Black Circle 2
2201,Ek Main Aur Ekk Tu (Original Motion Picture Soundtrack)
2202,Rap Ka Mausam
2203,Y2K!
2204,A Promise Is Made
2205,Heropanti (Original Motion Picture Soundtrack)
2206,Young & Turnt 2
2207,We All We Got - EP
2208,Tomorrowland Winter 2022: Afrojack at Mainstage (DJ Mix)
2209,"Bollywood Breaks, Vol. 1"
2210,"Get young, Live broke, Die alone"
2211,Disruptor
2212,Kings & Queens (The Remixes) - EP
2213,The 2 Live Crew's Greatest Hits
2214,Jubilee (Original Motion Picture Soundtrack)
2215,Do Gabru - Mankirt Aulakh & Parmish Verma
2216,Dire Straits
2217,Pop Piano Covers Vol. 1
2218,Miss Pooja - Kudi Punjab Di - EP
2219,Queen of the Clouds (Deluxe)
2220,Smells Like Teen Spirit (feat. Carl Fanini) - EP
2221,"Tomorrowland 2023: Steve Angello & Sebastian Ingrosso at Mainstage, Weekend 2 (DJ Mix)"
2222,Last Ones Left
2223,Murder Made Me
2224,"Sinc: Lost in My Mind, Lost in Ibiza"
2225,Corruption - EP
2226,Goliyon Ki Raasleela Ram-Leela (Original Motion Picture Soundtrack)
2227,Slayer
2228,Battle Algorythm
2229,Phoenix (Deluxe)
2230,Bhaag Milkha Bhaag (Original Motion Picture Soundtrack)
2231,Spiritual Songs for Lovers to Sing
2232,Energy Boost: Club Classics
2233,Globalization
2234,Waves Remix EP
2235,Audien: Live at The Torch LA (DJ Mix)
2236,IGOR
2237,Rich Forever 3
2238,Granth
2239,Humpty Sharma Ki Dulhania (Original Motion Picture Soundtrack)
2240,Saina (Original Motion Picture Soundtrack)
2241,Ophelia Volume 1
2242,Bulletproof
2243,"Tomorrowland Adscendo, A Digital Introduction, 2023: Armin van Buuren (DJ Mix)"
2244,The Second Best Exotic Marigold Hotel (Original Motion Picture Soundtrack)
2245,Post Traumatic (Deluxe Version)
2246,Make It Bun Dem After Hours (Remixes) - EP
2247,Pierre Cardin Remixes Vol.2
2248,LIVING THINGS: Acapellas and Instrumentals
2249,"Deccan Trap Don (feat. WhyM3, $arthak & The Bravelord) - EP"
2250,Deewana (Original Motion Picture Soundtrack)
2251,Space Jam: A New Legacy (Original Motion Picture Soundtrack)
2252,Venus and Mars (Archive Collection) [2014 Remaster]
2253,Swimming
2254,Dhoom
2255,Bangerz (Deluxe Version)
2256,True's World - EP
2257,Best Day of My Life
2258,Perspectives
2259,Arizonatears - EP
2260,Game Time - EP
2261,"Blood, Sweat & 3 Years"
2262,The Season
2263,2001 (Instrumental)
2264,From Under the Cork Tree (Tour Edition)
2265,The Black Sayian
2266,Raazi (Original Motion Picture Soundtrack) - EP
2267,24K Magic
2268,A Gentleman (Original Motion Picture Soundtrack)
2269,Back To Bedlam
2270,Bollywood Unwind 4
2271,AI YoungBoy
2272,Gunday (Original Motion Picture Soundtrack)
2273,Hum Kisise Kum Naheen (Original Motion Picture Soundtrack)
2274,Greatest Hits!
2275,The Hits - Chapter One
2276,Abbey Road (Remastered)
2277,South Saturn Delta
2278,Rojus (Designed to Dance)
2279,"Say Less (Remixes, Vol. 2) [feat. G-Eazy]"
2280,Let Forever Begin - EP
2281,No One Dies From Love
2282,ZOO
2283,Best of Akhil Sachdeva
2284,On the Border
2285,Joanne (Deluxe)
2286,Some Nights
2287,Girl On Fire
2288,Ishq Ne Krazy Kiya Re (Original Motion Picture Soundtrack)
2289,Victoria (Original Soundtrack)
2290,The Best of Snoop Dogg
2291,Nautanki Saala! (Original Motion Picture Soundtrack)
2292,Fugly (Original Motion Picture Soundtrack)
2293,Mozart & The Weber Sisters
2294,Yo Yo Honey Singh Is Back
2295,Love Goes
2296,Black Panther: Wakanda Forever (Original Score)
2297,Kati Patang (Original Motion Picture Soundtrack)
2298,Going Global
2299,Bollywood Dj Non Stop Remix
2300,IMMIGRANT
2301,Requiem for a Dream
2302,Home (Deluxe Edition)
2303,Diva - Platinum Edition
2304,Mismatched: Season 1 (Music from the Netflix Original Series)
2305,Teraa Surroor (Original Motion Picture Soundtrack)
2306,Shiesty Season
2307,Hindustan Meri Jaan - Super 20 Patriotic Songs
2308,The World Is Yours 2
2309,Systumm - EP
2310,Modus Vivendi
2311,Weld Sayanz
2312,Sin Miedo (del Amor y Otros Demonios) ∞
2313,No Sound Without Silence
2314,Big Screen
2315,"By Request, Vol. 20"
2316,Selfless
2317,BLOODLINE - EP
2318,Static
2319,Motordrome (The Dødsdrom Edition)
2320,Meet The Orphans (Deluxe Edition)
2321,Detroit 2 (Deluxe)
2322,The Wilderness
2323,WOO Forever
2324,TEC (Bonus)
2325,Cry
2326,Actual Life 3 Piano (January 1 - September 9 2022) - EP
2327,Dil Hai Tumhaara (Original Motion Picture Soundtrack)
2328,Bet You Know
2329,Under The Iron Sea
2330,MAÑANA SERÁ BONITO
2331,Party Till Sunrise - EP
2332,D-Day: A Gangsta Grillz Mixtape
2333,Notes from the Underground: Unabridged (Deluxe Edition)
2334,A Love Letter to You 2
2335,Orange Print
2336,Cottonwood 2: Deluxe 2.0
2337,Beat 1
2338,Femme Sauvage
2339,Life In a Metro (Original Motion Picture Soundtrack)
2340,The Unforgivable (Soundtrack from the Netflix Film)
2341,4:44
2342,Ankahi
2343,Papi Gordo
2344,Late Teens / Early Twenties - EP
2345,Changes - EP
2346,Loka Yaha Hai
2347,Tha Carter II
2348,Church
2349,True Romance (Original Motion Picture Score)
2350,The Dirty Picture (Original Motion Picture Soundtrack)
2351,Cold Water (feat. Justin Bieber & MØ) [Remixes] - EP
2352,Greatest Hits
2353,Live at Madison Square Garden
2354,Bathing Beach - EP
2355,Papon The Story So Far
2356,Music Of The Spheres
2357,Arijit Singh - King of Sad Hits
2358,"Thank You, Mr. Tokyo"
2359,Just As I Am
2360,Kaabil (Original Motion Picture Soundtrack)
2361,DR. EV4L
2362,Go (Remixes)
2363,if i could make it go quiet
2364,Fear of Floating
2365,No Future
2366,ACT ONE
2367,$oul $old $eparately (Bonus Edition)
2368,Feel The Vibe (Til The Morning Comes) - EP
2369,Chillhop Essentials Spring 2021
2370,Nach Punjaban
2371,Stone Wrld
2372,Agnee
2373,Surrealistic Pillow
2374,Love Ni Bhavai (Original Motion Picture Soundtrack)
2375,Dum and Dummer
2376,Since I Have A Lover
2377,Already Over Sessions
2378,HOOD POET
2379,Unapologetic (Deluxe Version)
2380,Bijness Jigness - EP
2381,"Shut the Door, Nobody Listening"
2382,Endangered Species
2383,Rich Shooter
2384,Humko Deewana Kar Gaye (Original Motion Picture Soundtrack)
2385,"Tomorrowland 2022: Hardwell at Mainstage, Weekend 3 (DJ Mix)"
2386,My Everything
2387,"Through the Deep, Dark Valley"
2388,Bandish Bandits (Original Motion Picture Soundtrack)
2389,Who's Next (Deluxe Edition)
2390,What's Going On (Deluxe Edition 50th Anniversary)
2391,Tomorrowland Winter 2023: Afrojack at Mainstage (DJ Mix)
2392,My Gospel
2393,Va 2020
2394,Pa'l Cafecito
2395,"Tahukar, Vol. 2 (Non Stop)"
2396,Remember That You Will Die
2397,u made me a st4r (Apple Music Edition)
2398,Notebook (Original Motion Picture Soundtrack)
2399,Navratri Bollywood Songs - Top Bollywood Dandiya & Garba Celebration - EP
2400,"Cozy Tapes, Vol. 1: Friends"
2401,Peeli Patti Aur Raja Jani Ki Gol Dunya
2402,Teenage Dream (Deluxe Edition)
2403,Mind Over Matter
2404,Day & Age
2405,"Maybe, It's Love - EP"
2406,"The Archives, Vol. 1: Organic Jams"
2407,Northern Lights
2408,Doom Days (This Got Out of Hand Edition)
2409,Tomorrowland 2019: The Chainsmokers (DJ Mix)
2410,Pink Friday 2
2411,Sad Violin Music That Will Make You Cry
2412,KODAK - EP
2413,Vol. 3... Life and Times of S. Carter
2414,War & Leisure
2415,Garbe Ramvane
2416,Furious 7 (Original Motion Picture Soundtrack) [Deluxe Version]
2417,"Fitness: Ride, July 2023 (DJ Mix)"
2418,Coke Studio India Season 3: Episode 8
2419,Sounds of India 2
2420,The Firm
2421,Notte in Campeggio
2422,Kill Kill Kill
2423,124
2424,Keed Talk to 'Em
2425,Persona
2426,NOVA
2427,Melly vs. Melvin
2428,Malibu
2429,Suncity - EP
2430,The People Vs. (Explicit Version)
2431,Free Dem Boyz (Deluxe)
2432,Oxymoron (Deluxe Version)
2433,Allegiance - EP
2434,Activated
2435,Tota Myna - EP
2436,Die 4 Respect
2437,One of These Nights
2438,Tattoo You (Deluxe Edition)
2439,Singh Is Bliing (Original Motion Picture Soundtrack)
2440,Dope Don't Sell Itself
2441,Broken Kids Club
2442,A Love Letter To You 2
2443,"Sumn Called Life, Vol. 1"
2444,Judda
2445,Chocolate Starfish and the Hot Dog Flavored Water
2446,Good Evening
2447,BIG 4x
2448,10s Music - Greatest Hits
2449,London Calling
2450,Lugna Låtar
2451,"On the Air: Original Radio Show Themes, Vol. 1"
2452,Koocha Monster - EP
2453,Wild in the Streets
2454,What Could Possibly Go Wrong
2455,Parey Hut Love - EP
2456,2014 - EP
2457,Fetty Wap (Deluxe Edition)
2458,Only By the Night
2459,Up All Night
2460,Every Second Counts
2461,My Feelings for You
2462,Caught in the Strange (Deluxe)
2463,A Wolf In Sheep's Clothing
2464,88Glam Reloaded
2465,Tera Chehra
2466,Mirzapur
2467,Science City
2468,The World of Hans Zimmer - A Symphonic Celebration (Live)
2469,Artificial Paradise
2470,Invocations / Conversations
2471,Great Escape
2472,Handwritten (Deluxe Edition)
2473,Kings Of Crunk
2474,Game of Thrones: Season 2 (Music from the HBO Series)
2475,Beethoven: Symphony No. 6
2476,Dtg
2477,Layers
2478,Midnights (3am Edition)
2479,"New Jersey Club, Vol. 2 - EP"
2480,Meri Team
2481,Coke Studio India Season 3: Episode 4
2482,Testimony (Deluxe Edition)
2483,"Echoes, Silence, Patience & Grace"
2484,"Trap Culture Series, Ep. 2 (DJ Mix)"
2485,Rare (Deluxe)
2486,Coke Studio: Season 9
2487,Duality
2488,I Am Hardstyle
2489,M.S. Dhoni: The Untold Story (Original Motion Picture Soundtrack)
2490,Gems Of Kishor Kumar
2491,Making Mirrors
2492,"Hip Hop Instrumentals: Rap Beats, Freestyle Beats, Trap Beats, Rap Instrumentals"
2493,LIVE.LOVE.A$AP
2494,Next to Me
2495,The Highlights (Deluxe Video Album)
2496,Mozart Momentum - 1785
2497,Nawabzaade
2498,Mixmag: The Cover Mix (DJ Mix)
2499,Happy Hardy And Heer (Original Motion Picture Soundtrack)
2500,Romeo
2501,Mozart: Clarinet Works
2502,Kiss & Tell
2503,Loyalty Over Royalty (Deluxe)
2504,Aashiqui (Original Motion Picture Soundtrack)
2505,Mozart: Le Nozze Di Figaro
2506,Ocean (Deluxe)
2507,Too Eazzyy
2508,Gravity
2509,Never Say Die One Hundred
2510,The Crown: Season One (Soundtrack from the Netflix Original Series)
2511,Anti Everything
2512,More Monsters and Sprites
2513,"Tomorrowland Adscendo 2023, A Digital Introduction: R3hab (DJ Mix)"
2514,Radical Dude! - EP
2515,Livin' 2 Fast
2516,Lag Ja Gale - Best of Lata Mangeshkar and Madan Mohan
2517,FRIENDS KEEP SECRETS 2
2518,Moscow Mashuka- Single
2519,Blue Banisters
2520,"Hip-Hop Classics, Vol. 1"
2521,Ghetto Music: The Blueprint of Hip-Hop (Expanded Edition)
2522,Because the Internet
2523,Broken Strings
2524,"The Best Of Earth, Wind & Fire Vol. 1"
2525,Azaad Hu Mein
2526,Lace Up (Deluxe Version)
2527,Sentimental Value
2528,YGT YGT YGT - EP
2529,Pray 4 Love (Deluxe)
2530,Cash Romantic - EP
2531,Sremm 4 Life
2532,I'm Gone
2533,Spirit: Stallion of the Cimarron (Music from the Original Motion Picture)
2534,Rock Hits - The Best of All Time
2535,YBN: The Mixtape
2536,Fan of a Fan the Album (Expanded Edition)
2537,Vultures - EP
2538,Patang
2539,Midnight Marauders
2540,Seventeen Seconds (Deluxe Edition)
2541,Rangtaali 3 - Non Stop Raas
2542,"Boom, Boom, Boom, Boom!!"
2543,Half CA Season 1 (Music from the TVF Original Series)
2544,Tread
2545,"Sincerely, Kentrell"
2546,The World From the Side of the Moon (Deluxe Version)
2547,Youngistaan (Original Motion Picture Soundtrack)
2548,Fighting Demons (Digital Deluxe)
2549,F*CK LOVE (SAVAGE)
2550,EndaVishesham
2551,Lane 8 Winter 2022 Mixtape (DJ Mix)
2552,Straight Shooter (Deluxe Edition)
2553,Tiësto at EDC Las Vegas 2023: Kinetic Field Stage (DJ Mix)
2554,Today’s Hits: December 2022 (DJ Mix)
2555,"Mozart: Great Mass in C Minor & Exsultate, Jubilate"
2556,All Time Hits of Raj Brar
2557,Reanimated - EP
2558,This Is Ty Herndon: Greatest Hits
2559,Dus (Original Motion Picture Soundtrack)
2560,10
2561,Where We Come From
2562,PULSE
2563,Have One On Me
2564,Hardwell Presents Revealed Vol. 2
2565,The Girl on the Train (Original Motion Picture Soundtrack)
2566,NYE 2022 (DJ Mix)
2567,Above All
2568,Rhythmical Duo Laxmikant - Pyarelal
2569,151A
2570,POST HUMAN: SURVIVAL HORROR
2571,Four Flames - EP
2572,Clipped Wings
2573,Sevenseventeen (The EP)
2574,Escala
2575,Reload
2576,These Things Happen Too (Deluxe)
2577,Solar Power
2578,Live 2012
2579,"Spiritual Chants, Vol. 1"
2580,Dance Masti.....Forever
2581,Dhruv Rajpal
2582,Mansion
2583,Mosaik
2584,Intercity: Spring 2010 (Lange Presents)
2585,RED RAAS Season 7
2586,The Lord of the Rings: The Return of the King (Soundtrack from the Motion Picture)
2587,DNCE
2588,Music of the Sun
2589,Kane Brown
2590,Janaan (Original Motion Picture Soundtrack) - EP
2591,Home of the Strange
2592,Quarantine Casanova
2593,CrasH Talk
2594,Dum and Dummer 2
2595,Slumdog Millionaire (Music From the Motion Picture)
2596,Skins
2597,The UK Collection
2598,Lonesome Dreams (Bonus Track Version)
2599,Riceboy Sleeps (2019 Remaster)
2600,Con.Fi.Den.Tial
2601,Harvest
2602,Fighting Demons
2603,The Art of Hustle (Deluxe Version)
2604,ok? - EP
2605,Imagine
2606,The Essential Daryl Hall & John Oates (Remastered)
2607,The LEGO Movie 2: The Second Part (Original Motion Picture Soundtrack)
2608,Without You - EP
2609,The Holiday (Original Motion Picture Soundtrack)
2610,60s volume 2
2611,Say My Name - EP
2612,Mac & Cheese 5 (Acapella)
2613,This Isn't the Album
2614,Shield - EP
2615,Everything I Didn’t Say And More
2616,Sigh No More
2617,DUMMY BOY
2618,In Search of Sunrise 9 - India (Bonus Track Version)
2619,TEZ FILAM
2620,NOW That's What I Call Music! Vol. 80
2621,Sli'merre
2622,Tomorrowland 31.12.2020: Diplo (DJ Mix)
2623,Apne (Original Motion Picture Soundtrack)
2624,Mankirt Aulakh - Best Hits
2625,UGK (Underground Kingz)
2626,Trap vs. Reggae
2627,Lootera (Original Motion Picture Soundtrack)
2628,Epidemic
2629,Ready (Deluxe Version)
2630,Hits of Atif Aslam
2631,No Shape
2632,Luck (Original Motion Picture Soundtrack)
2633,E=MC2 (Deluxe Version)
2634,Day 5
2635,JORDI
2636,Flowers
2637,The E.N.D. (The Energy Never Dies) [Deluxe]
2638,Best of Bowie
2639,Honeymoon
2640,3 Doors Down (Bonus Track Version)
2641,Grunge and Beyond
2642,Fight Club (Original Motion Picture Score)
2643,Beethoven: Complete Sonatas for Piano & Violin
2644,Batman Begins (Original Motion Picture Soundtrack)
2645,Poolside Bangers
2646,Blade Runner 2049 (Original Motion Picture Soundtrack)
2647,Invade the Party - EP
2648,SIXDO - EP
2649,Royal Blood
2650,Westworld: Season 1 (Music from the HBO Series)
2651,Earth Songs
2652,Move Your Body (The Remixes) - EP
2653,Star Wars: The Empire Strikes Back (Original Motion Picture Soundtrack)
2654,Bollywood Trap Hits
2655,Ultimate Sinatra
2656,Fatboy Slim at CRSSD Festival Fall '22: The Palms (DJ Mix)
2657,brent ii - EP
2658,All the Way In
2659,Curtain Call: The Hits
2660,El Camino
2661,N.O.R.E
2662,Pal
2663,Street Dreams
2664,Together in Static
2665,Kaale
2666,19
2667,Sleepy Hallow Presents: Sleepy For President
2668,Life Is Peachy
2669,Walls
2670,East Atlanta Love Letter
2671,PopRockeando El Nuevo Milenio
2672,Down To the Wire 3
2673,Yellow Tape 2
2674,Artist 2.0 (Deluxe)
2675,T-Series Mixtape Punjabi
2676,Baaghi (Original Motion Picture Soundtrack)
2677,Beat Tape 2
2678,Mozart: Eine kleine Nachtmusik - Pachelbel: Canon
2679,Mail On Sunday (Deluxe Version)
2680,"Jackie Chan (feat. Preme & Post Malone) [Remixes, Vol. 2] - EP"
2681,Analogue Players in a Digital World
2682,New Rules (Remixes) - EP
2683,"CLUBLIFE, VOL. 5 : CHINA"
2684,Jason Derulo (Deluxe Version)
2685,"Beethoven: Symphony No. 3, Op. 55 ""Eroica"""
2686,There Is Love in You (Expanded Edition)
2687,Frozen (Original Motion Picture Soundtrack)
2688,Stadium Arcadium
2689,1000 Forms of Fear (Deluxe Version)
2690,Apple Music Live: Lil Durk
2691,Cinderella (Original Motion Picture Soundtrack)
2692,Someone You Can Count On
2693,Assassin's Creed (Original Motion Picture Score)
2694,#1 Record Radio City (Bonus Track Version)
2695,Star Wars - A New Baroque
2696,KAMIKAZE
2697,Intermission Broadcast (DJ Mix)
2698,Hardstyle the Ultimate Collection: Best Of 2016
2699,New Hope
2700,"Jeffree's, Vol.7"
2701,Canzoni per la macchina
2702,Trip to Tomorrow
2703,Steel Human
2704,Migration
2705,Habits of My Heart - EP
2706,Summertime Friends
2707,Goodbye & Good Riddance (Anniversary Edition)
2708,Talk That Talk
2709,Game of Thrones: Season 3 (Music from the HBO Series)
2710,VOID
2711,Life Of A Hotboii
2712,Mujhse Fraaandship Karoge (Original Motion Picture Soundtrack)
2713,D-Day (Original Motion Picture Soundtrack)
2714,Roar
2715,Ocean Rain (Deluxe Version)
2716,Piano Book (Deluxe Edition)
2717,The Lost Opera (Medly)
2718,THE TORTURED POETS DEPARTMENT
2719,Inqalab - EP
2720,Om Shanti Om (Original Motion Picture Soundtrack)
2721,Coexist (Deluxe Edition)
2722,For Broken Ears
2723,The Free & Rebellious - EP
2724,Captain America: The Winter Soldier (Original Motion Picture Soundtrack)
2725,Atavista
2726,WHO CARES?
2727,Aashiq Banaya Aapne (Original Motion Picture Soundtrack)
2728,SUPER SLIMEY
2729,Gryffin at EDC Las Vegas 2021: Cosmic Meadow Stage (DJ Mix)
2730,Perfect 10s
2731,Satyameva Jayate (Original Motion Picture Soundtrack)
2732,Boondein
2733,Stripped - EP
2734,Businessman (Original Motion Picture Soundtrack)
2735,FOUR (Deluxe)
2736,90s Vibe
2737,Sanam Re (Original Motion Picture Soundtrack)
2738,Back Stage to Front Stage
2739,Urban Temple
2740,Zenyatta Mondatta (Remastered)
2741,Rooh
2742,Uberman 2
2743,American Honey (Original Motion Picture Soundtrack)
2744,The Martian (Original Motion Picture Score)
2745,Midnight - EP
2746,Nothing Like Before
2747,Fast Five (Original Motion Picture Soundtrack)
2748,Heaven knows
2749,Mac & Cheese 5 (Sped Up)
2750,Clancy
2751,"Tomorrowland 2022: Afrojack at Mainstage, Weekend 3 (DJ Mix)"
2752,Canyon Lullaby
2753,Deltarune Chapter 2 (Original Game Soundtrack)
2754,Night Rain Thunder
2755,Mozart: Piano Concertos Nos. 20 & 21
2756,Yuvvraaj (Original Motion Picture Soundtrack)
2757,Cigarette Ki Tarah (Original Motion Picture Soundtrack) - EP
2758,Live A Life You Will Remember - EP
2759,"Hurry Up, We're Dreaming"
2760,Until Death Call My Name Reloaded
2761,Coloring Book
2762,Living Proof
2763,LAX (Deluxe Edition)
2764,Broken Bells
2765,"Copyright Free Jazzhop, Vol. 1"
2766,Gold Chain Cowboy
2767,Half Girlfriend (Original Motion Picture Soundtrack)
2768,Www.Thug.Com
2769,One (Your Name) [feat. Pharrell]
2770,Resonate
2771,Jannat 2 (Original Motion Picture Soundtrack)
2772,"Boiler Room: Sara Landry at Teletech Festival in Manchester, Aug 22, 2023 (DJ Mix)"
2773,English Vinglish (Original Motion Picture Soundtrack)
2774,Painted (Deluxe Edition)
2775,Baaghi 3 (Original Motion Picture Soundtrack)
2776,Based On a T.R.U. Story (Deluxe Version)
2777,Dabangg 3 (Original Motion Picture Soundtrack)
2778,Main Ka Bukhar - EP
2779,"Tomorrowland 2023: Afrojack at Mainstage, Weekend 1 (DJ Mix)"
2780,Armin van Buuren at EDC Las Vegas 2022: Kinetic Field Stage (DJ Mix)
2781,NOW That's What I Call Music! Vol. 87
2782,DEATH STRANDING: Timefall (Original Music from the World of Death Stranding)
2783,Twelve Carat Toothache (Deluxe)
2784,Lilo & Stitch
2785,Dutty Rock
2786,My Surrender to Jesus
2787,Monster
2788,QUARANTINE PACK - EP
2789,Qala (Music From The Netflix Film)
2790,The New Abnormal
2791,Dil Toota Aashiq - EP
2792,Lonely Together (feat. Rita Ora) [Remixes] - EP
2793,Rumours
2794,Bon Iver (Deluxe Edition)
2795,Free Lunch - EP
2796,Dillon Francis at EDC Las Vegas 2022: Cosmic Meadow Stage (DJ Mix)
2797,Gloria (Apple Music Edition)
2798,Golden Traxe
2799,"Ray Volpe at EDC Orlando, 2022: Circuit Grounds Stage (DJ Mix)"
2800,Colores
2801,Mecca and the Soul Brother
2802,Ceremonials
2803,D
2804,Kamikaze (Bonus Track Version)
2805,Riot!
2806,Polarities - EP
2807,Dani California - EP
2808,The Gifted
2809,Om - Rashtra Kavach (Original Motion Picture Soundtrack)
2810,"Spirit, l'étalon des plaines (Bande originale du film)"
2811,Music - Songs From and Inspired By the Motion Picture
2812,Trap Seazon
2813,Penguins (Original Motion Picture Soundtrack)
2814,Saaho (Original Motion Picture Soundtrack)
2815,Bollywood Seduction
2816,Dark Before Dawn
2817,Break Ke Baad (Original Motion Picture Soundtrack)
2818,Rush (Original Motion Picture Soundtrack)
2819,2022 Home Office
2820,Archives - EP
2821,Paathshala - EP
2822,THE S(EX) TAPES [Shot By My Ex]
2823,Música y Arte Sonoro Con Nuevas Tecnologías (Centro Occidente Presenta)
2824,Paranoia
2825,Simmba (Original Motion Picture Soundtrack)
2826,Masoom (Original Motion Picture Soundtrack)
2827,TRANSLATION
2828,Thriller (25th Anniversary)
2829,"Mozart: Violin Concertos Nos. 3, 4 & 5"
2830,Remembering the Legend
2831,Cascade
2832,Corleone
2833,Nightmare (Deluxe Edition)
2834,Playlist: The Very Best of Corrosion of Conformity
2835,Qabool Hai (Deluxe)
2836,Torus (Deluxe Version)
2837,Pellucidity
2838,Put Sardaran De
2839,Back To the Basics
2840,Intense (Bonus Track Version)
2841,All Is Yellow
2842,Recall & Reflect - EP
2843,Dhoom (Original Motion Picture Soundtrack)
2844,4REAL 4REAL
2845,Left Is Right
2846,Indiana Jones and the Dial of Destiny (Original Motion Picture Soundtrack)
2847,twenty one pilots
2848,Disturbing the Peace
2849,Levitating (feat. Sukriti Kakar & Prakriti Kakar) [Amaal Mallik Remix]
2850,Blues Boy 2
2851,LiSA Best (Day)
2852,I Hear You – Bonus Tracks Edition
2853,Best of Coke Studio @ MTV Season 2
2854,Better Mistakes
2855,Fearless
2856,"Tomorrowland 2022: Diplo at Crystal Garden, Weekend 1 (DJ Mix)"
2857,Show Me Love (feat. Robin S.)
2858,Excuse Me
2859,Judwaa (Original Motion Picture Soundtrack)
2860,Jai Mummy Di (Original Motion Picture Soundtrack)
2861,"Dharma Sounds Of Summer, Vol. IV"
2862,Detroit 2 (Deluxe Video Version)
2863,NØ IDLE Mix 001 (DJ Mix)
2864,1989 (Deluxe Edition)
2865,Houses of the Holy (Deluxe Edition)
2866,Gokul Na Girdhari Ghare Avo Ne - EP
2867,The Tudors (Music From the Showtime Original Series)
2868,Awakening - Mix.9 (DJ Mix)
2869,"Tomorrowland 2022: Joel Corry at Mainstage, Weekend 1 (DJ Mix)"
2870,Mr. Baawe
2871,Stop Staring at the Shadows
2872,Heart of the Projects
2873,Timeless
2874,The Death of Slim Shady (Coup De Grâce)
2875,Certified Hitmaker
2876,Raees (Original Motion Picture Soundtrack)
2877,The Come Up
2878,Jolly LLB 2 (Original Motion Picture Soundtrack)
2879,!
2880,Recovery - EP
2881,Teen X - EP
2882,My Own Lane
2883,ATLAS (Deluxe)
2884,Project X
2885,Monkey Business
2886,Kites (Original Motion Picture Soundtrack)
2887,Wide - Eyed
2888,Mass Appeal & Gully Gang: SHUTDOWN
2889,Automatic For The People (2017 Remaster)
2890,The Shawshank Redemption
2891,MAP OF THE SOUL : 7
2892,Sooryavanshi (Original Motion Picture Soundtrack)
2893,Pure Heroine (Extended)
2894,GEMINI
2895,Snoop Dogg Presents Algorithm
2896,Love Songs Drug Songs - EP
2897,Sleeping with Roses II
2898,"Geeta Rabari Ni Ramzat, Pt. 2"
2899,III
2900,I. - EP
2901,Bulldog EP
2902,Safar (Original Motion Picture Soundtrack)
2903,전도자의 기도
2904,解放のヒント
2905,CM10: Free Game (Deluxe)
2906,I Love You.
2907,The Wave
2908,Seek Bromance (Remixes)
2909,Made In India
2910,Wildflowers & All the Rest (Super Deluxe Edition)
2911,Raay Dheladi
2912,Bullet Proof
2913,No Way Out (Remastered Edition)
2914,Fiction - EP
2915,"thank u, next (Bonus Videos)"
2916,Represent
2917,Wanted
2918,Surfer Rosa (2007 Remaster)
2919,Barfi! (Original Motion Picture Soundtrack)
2920,Drugs
2921,Songs In A Minor
2922,Be
2923,A Beautiful Lie
2924,Live At Club Uniquity
2925,Players - EP
2926,From Nun
2927,Living In the Material World
2928,Capacity
2929,Rattle and Hum
2930,Moksi Family Rebirth Series Vol. 1: Nu Rave - EP
2931,PARTYMOBILE
2932,Deadstar
2933,Neon Grave Remixed - EP
2934,Gladiator (Music From the Motion Picture)
2935,Stay On These Roads (Deluxe Edition)
2936,Warehouse Summer
2937,Ghetto Fabulous
2938,nothings ever good enough
2939,Actor
2940,On An Island
2941,"Whatever People Say I Am, That's What I'm Not"
2942,Man On the Moon: The End of Day
2943,Tomorrow Ain't Promised
2944,For(n)ever
2945,Classic Legend - Javed Akhtar
2946,Party Songs Neha Kakkar
2947,DC4
2948,One Foot In Front Of The Other
2949,Our Version of Events (Deluxe Edition)
2950,Signed to the Streets 3
2951,"Oh, What a Life"
2952,Trapped on Cleveland 3 (Deluxe)
2953,Love Is a Four Letter Word (Deluxe Version)
2954,Virgo World
2955,"The Covers, Vol. 4"
2956,I Am the Future
2957,Opus Tertio
2958,Under Construction
2959,Tomorrowland Winter 2022: Steve Aoki at Mainstage (DJ Mix)
2960,The Message
2961,Halloween IV (DJ Mix)
2962,ShorelineDoThatShit
2963,Just Until.... - EP
2964,Hopes and Fears (Deluxe Edition)
2965,CUT COHESION (DJ Mix)
2966,LP1
2967,iTunes Originals: New Order
2968,Tajdar-E-Haram Coke Studio Season 8 - EP
2969,B4pink - EP
2970,Aleph
2971,We Are Not Your Kind
2972,Life Starts Now
2973,October (Original Motion Picture Soundtrack)
2974,Junkie
2975,Who Want It
2976,Nuke 'Em - EP
2977,In Our Bones
2978,Tha Carter
2979,NGHTMRE at EDC Las Vegas 2021: Bass Pod Stage (DJ Mix)
2980,Diwali Essentials
2981,6pc Hot EP
2982,"Grieg: Peer Gynt, Op. 23"
2983,Yes Boss (Original Motion Picture Soundtrack)
2984,Stree (Original Motion Picture Soundtrack)
2985,Sock - Footed
2986,Four More Shots Please!
2987,Khwaab
2988,Route 66
2989,GUAP Sounds: It's Cold Outside (DJ Mix)
2990,Black Hawk Down (Original Motion Picture Soundtrack)
2991,You Can’t Kill Me
2992,Back To the Future (Original Motion Picture Score) [Expanded Edition]
2993,Random Access Memories (10th Anniversary Edition)
2994,Two
2995,Born to Die
2996,Hum Dil De Chuke Sanam (Original Motion Picture Soundtrack)
2997,Chhalaang (Original Motion Picture Soundtrack)
2998,Planet Earth II (Original Television Soundtrack)
2999,Chabutro (Original Motion Picture Soundtrack) - EP
3000,The Silence of the Lambs (Soundtrack)
3001,Lahore Se Aagey - EP
3002,California - EP
3003,Maleficent: Mistress of Evil (Original Motion Picture Soundtrack)
3004,6 Of A Billion - EP
3005,Trapout (DJ Mix)
3006,"Grandson, Vol. 1"
3007,El Mariel
3008,DJ-Kicks: Jayda G (DJ Mix)
3009,10 de Colección: Grupo Niche
3010,Viral Dance Hits November 2023
3011,"Stuck In the Field, Pt. II"
3012,Cuz It Bangz 6
3013,Hey Baby (feat. Deb's Daughter) [Remixes] - EP
3014,Dishonored - EP
3015,Underrated - EP
3016,Brennan Heart & Friends
3017,Tom Dick And Harry (Original Motion Picture Soundtrack)
3018,Wildness (Deluxe)
3019,Dhoom:2 (Original Motion Picture Soundtrack)
3020,Chromatica
3021,High Class Street Music 5: The Plug Best Friend
3022,The Secret Recipe - EP
3023,Hustle 2.0
3024,Keed Talk To ‘Em 2
3025,The Ticket
3026,Chaal Jeevi Laiye! - EP
3027,Romance
3028,Make It Happen
3029,Been a While - EP
3030,"Riot Ten at Beyond Wonderland, 2023 (DJ Mix)"
3031,Zubeen & Papon - 15 Love Hits
3032,Hozier (Bonus Track Version)
3033,Animal Magnetism
3034,Criminal Minded
3035,Rocket Singh - Salesman of the Year (Original Soundtrack)
3036,The Xpose (Original Motion Picture Soundtrack)
3037,Mumblings - EP
3038,Ivory (Apple Music Edition)
3039,Poetry Ceylon
3040,Back to Black
3041,GTTM: Goin Thru the Motions
3042,Dum Maaro Dum (Original Motion Picture Soundtrack)
3043,Demi
3044,No Hard Feelings - EP
3045,Pegasus (Expanded Edition)
3046,Indoo Ki Jawani (Original Motion Picture Soundtrack) - EP
3047,Fanney Khan (Original Motion Picture Soundtrack)
3048,That's the Spirit
3049,Saw You In a Dream - EP
3050,All Is Well (Original Motion Picture Soundtrack)
3051,Public Displays Of Affection
3052,Almost Famous (Music from the Motion Picture)
3053,Dil Dhadakne Do (Original Motion Picture Soundtrack)
3054,Sanam Puri
3055,Don't Try This At Home
3056,Tomorrowland 2019: Timmy Trumpet (DJ Mix)
3057,Coke Studio Sessions: Season 4
3058,Mubarakan (Original Motion Picture Soundtrack)
3059,Rielism (Mixed By Sied van Riel)
3060,Cosmo's Factory
3061,EDC Las Vegas 2017
3062,Avengers: Infinity War (Original Motion Picture Soundtrack) [Deluxe Edition]
3063,Roshni
3064,High Voltage
