,Album ID,Title,Date Created,Date Created In Library,Visible,Catalog Identifiers - Album,Favorite Album - Status,Favorite Album - Date
0,l.00DcEq9,Justwanna - Single,2024-07-21T14:54:54Z,2024-07-21T14:54:54Z,True,1744026852,,
4,l.0BAG9lc,Closer (Hedex Remix) - Single,2024-07-22T02:18:17Z,2024-07-22T02:18:17Z,False,1694924605,,
8,l.0FbFWMh,"O Bedardeya (From ""Tu Jhoothi Main Makkaar"") - Single",2023-03-27T05:36:50Z,2023-03-27T05:36:50Z,True,1675505027,,
9,l.0HYH6ms,The Business (Vintage Culture & Dubdogz Remix) - Single,2023-07-12T23:53:44Z,2023-07-12T23:53:44Z,True,1561054536,,
10,l.0HaHNMp,Atmosphere - Single,2023-12-22T07:24:46Z,2023-12-22T07:24:46Z,True,1754198963,,
11,l.0It377v,Together - Single,2024-07-22T02:18:17Z,2024-07-22T02:18:17Z,False,1729359813,,
12,l.0L7MEFh,Bure Din - Single (feat. Mick Jenkins) - Single,2024-06-16T23:30:40Z,2024-06-16T23:30:40Z,True,1752107720,,
13,l.0Oz9LJ6,Papa Hai - Single,2021-04-22T18:50:48Z,2021-04-22T18:50:48Z,True,1558854491,,
15,l.0TrDTpn,SIDE2SIDE - Single,2024-07-21T14:42:51Z,2024-07-21T14:42:51Z,True,1687883777,,
16,l.0Uzn1H4,Voice Notes - Single,2024-07-22T02:18:20Z,2024-07-22T02:18:20Z,False,1725470449,,
17,l.0YNKURx,Six Feet Under (Techno) - Single,2025-04-18T17:49:38Z,2025-04-18T17:49:38Z,True,1802227127,,
18,l.0Ycdp1d,One Last Time - Single,2022-11-01T21:23:33Z,2022-11-01T21:23:33Z,True,1499706946,,
21,l.0cBotK,KILL DEM - Single,2024-09-23T06:28:44Z,2024-09-23T06:28:44Z,True,1641743699,,
22,l.0eRxVrp,Baby again.. - Single,2023-04-12T16:12:50Z,2023-04-12T16:12:50Z,True,1676442468,,
25,l.0odzKn,Badass Ravi Kumar Theme Track (Original Motion Picture Soundtrack) - Single,2025-02-23T06:52:57Z,2025-02-23T06:52:57Z,True,1788882169,,
29,l.12ZQhPq,Go Like (D&B Mix) - Single,2024-07-22T02:18:20Z,2024-07-22T02:18:20Z,False,1460612940,,
32,l.1Bvy8C8,Without Me (feat. Juice WRLD) - Single,2021-11-10T20:37:26Z,2021-11-10T20:37:26Z,False,,,
37,l.1F6XaS8,Push Ups - Single,2024-04-20T00:32:04Z,2024-04-20T00:32:04Z,True,1742141867,,
38,l.1GZS266,Disconnect (Extended Mix) - Single,2023-09-08T00:18:16Z,2023-09-08T00:18:16Z,True,1698512761,,
41,l.1OqTMG9,To The Beat - Single,2024-04-24T02:42:13Z,2024-04-24T02:42:13Z,True,1737256243,,
43,l.1Po5bd4,True Stories - Single,2023-06-21T00:45:52Z,2023-06-21T00:45:52Z,True,1691843410,,
46,l.1Tofu2m,Did It First - Single,2024-07-14T06:02:09Z,2024-07-14T06:02:09Z,True,1756202978,,
47,l.1VasNpn,Khoya (feat. Aseem) - Single,2023-07-18T01:21:22Z,2023-07-18T01:21:22Z,True,1506046817,,
49,l.1b1uP9v,Die for You (Zedd Remix) - Single,2023-04-06T02:41:51Z,2023-04-06T02:41:51Z,False,,,
51,l.1ga0O87,Woke Up in Love - Single,2025-03-15T02:56:44Z,2025-03-15T02:56:44Z,False,1643021167,,
52,l.1hBcoIv,VULTURES (feat. Bump J & Lil Durk) - Single,2024-11-21T15:44:04Z,2024-11-21T15:44:04Z,False,,,
54,l.1n0PEiq,Bad Habits - Single,2021-09-18T09:08:41Z,2021-09-18T09:08:41Z,True,1571330207,,
56,l.1sszU41,Back Again (feat. Waka Flocka Flame) - Single,2022-09-22T08:13:36Z,2022-09-22T08:13:36Z,True,1288490870,,
57,l.1uoHbi4,Tick Tock - Single,2023-09-13T20:29:45Z,2023-09-13T20:29:45Z,True,1581846308,,
61,l.1zW5RD5,Miracle (Wilkinson Remix) - Single,2024-07-22T02:18:17Z,2024-07-22T02:18:17Z,True,1684750883,,
62,l.1zscZS5,October Passed Me By - Single,2025-01-06T17:03:46Z,2025-01-06T17:03:46Z,True,1647266181,,
63,l.20QGakx,Weakness - Single,2022-11-11T15:49:06Z,2022-11-11T15:49:06Z,True,1083693559,,
64,l.23XGkIs,Farzi (Original Motion Picture Soundtrack) - Single,2023-03-13T16:59:38Z,2023-03-13T16:59:38Z,True,1666343427,,
65,l.24eYUGm,This Moment - Single,2024-07-22T02:18:17Z,2024-07-22T02:18:17Z,False,1721138047,,
66,l.253yUGo,Bas Kya Ba (feat. DIVINE) - Single,2021-11-13T22:27:10Z,2021-11-13T22:27:10Z,False,,,
70,l.2DmYWdu,"Hands in the Air (feat. Ne-Yo) [From ""Step Up Revolution""] - Single",2024-11-14T23:44:00Z,2024-11-14T23:44:00Z,True,1469582945,,
72,l.2F7oV7t,Love Dose 2.0 - Single,2024-06-04T17:47:49Z,2024-06-04T17:47:49Z,True,1735925208,,
74,l.2NmHO25,Touchdown - Single,2024-12-06T05:39:32Z,2024-12-06T05:39:32Z,True,1783457991,,
77,l.2UPQ2o8,Talking / Once Again (feat. North West) - Single,2024-02-14T12:07:58Z,2024-02-14T12:07:58Z,False,,,
78,l.2VIWYje,Calm Down - Single,2023-01-21T05:49:45Z,2023-01-21T05:49:45Z,False,,,
79,l.2Vmd7DA,4 X 4 - Single (feat. Urban Poet) - Single,2023-09-08T19:56:15Z,2023-09-08T19:56:15Z,False,,,
80,l.2W7tccc,Watch This (ARIZONATEARS Pluggnb Remix) - Single,2023-03-03T21:19:07Z,2023-03-03T21:19:07Z,True,1669850306,,
82,l.2YKr6v2,How Many - Single,2024-10-10T03:58:17Z,2024-10-10T03:58:17Z,True,1539809630,,
83,l.2ZMOqez,Break The House Down - Single,2024-11-28T00:21:54Z,2024-11-28T00:21:54Z,True,1504950214,,
85,l.2jRsVAu,Turn Up A Notch - Single,2024-09-25T19:47:03Z,2024-09-25T19:47:03Z,True,1770121684,,
90,l.2npeR0u,Gaah - Single,2023-02-24T21:40:56Z,2023-02-24T21:40:56Z,False,,,
93,l.2oJcP4m,Nobody Special - Single,2023-02-15T08:07:07Z,2023-02-15T08:07:07Z,False,,,
94,l.2uBXDie,Angels for Each Other - Single,2025-03-17T21:51:34Z,2025-03-17T21:51:34Z,True,1800530343,,
96,l.2uPcuKw,Stay A While - Single,2021-06-10T01:50:15Z,2021-06-10T01:50:13Z,True,1726950207,,
98,l.2wXST81,King Talk - Single,2023-06-01T18:52:50Z,2023-06-01T18:52:50Z,True,1717408432,,
103,l.36g8Yy,RAP DEVIL - Single,2022-10-01T13:12:50Z,2022-10-01T13:12:50Z,True,1435631217,,
106,l.38dmA5e,Just Feels Tight - Single,2023-12-22T07:23:50Z,2023-12-22T07:23:50Z,False,,,
108,l.39gMiEu,By the Sword - Single,2023-08-04T01:29:15Z,2023-08-04T01:29:15Z,True,1611714349,,
113,l.3UG8vVp,Higher Power (Tiësto Remix) - Single,2021-07-22T23:32:41Z,2021-07-22T23:32:41Z,True,1568762004,,
114,l.3XmpNL9,Pagol - Perfectly (Slowed & Reverb) - Single,2023-06-16T05:38:51Z,2023-06-16T05:38:51Z,True,1691407207,,
115,l.3aNaqAz,Major Lazer - Single,2023-07-06T07:31:57Z,2023-07-06T07:31:57Z,True,1673462480,,
117,l.3lMrTDh,Gotta Go - Single,2023-06-23T18:57:02Z,2023-06-23T18:57:02Z,True,1676863968,,
118,l.3lkkTW1,Mahiye Jinna Sohna - Single,2025-04-10T01:54:36Z,2025-04-10T01:54:36Z,True,1693223950,,
119,l.3pKT5ib,Gold Dust / The Field - Single,2024-07-22T02:18:20Z,2024-07-22T02:18:20Z,False,1528760318,,
126,l.4DzLL2n,Tell Me Why (1991 Remix) - Single,2024-07-22T02:18:17Z,2024-07-22T02:18:17Z,False,1671217393,,
128,l.4PKMmD1,Wait For You - Single,2023-02-21T08:59:09Z,2023-02-21T08:59:09Z,False,,,
130,l.4QKSAxm,Pull Up - Single,2024-10-25T18:27:11Z,2024-10-25T18:27:11Z,True,1744191574,,
132,l.4TYSzoi,Precision - Single,2024-03-23T14:37:22Z,2024-03-23T14:37:22Z,True,1735620916,,
133,l.4U1yBBw,Versace (feat. Drake) [Remix] - Single,2022-11-29T21:29:32Z,2022-11-29T21:29:32Z,False,,,
134,l.4YF8Im9,hold my hand - Single,2024-10-25T18:17:27Z,2024-10-25T18:17:27Z,True,1770157436,,
137,l.4cvnGEx,Street Sweeper - Single,2023-10-17T09:10:01Z,2023-10-17T09:10:01Z,True,1804991831,,
140,l.4kSGF1g,Kai Po Che (Original Motion Picture Soundtrack) - Single,2022-10-01T09:55:29Z,2022-10-01T09:55:29Z,False,598527948,,
141,l.4m92Hqb,Elevyn 11 (feat. Pashwa) - Single,2025-03-18T19:11:50Z,2025-03-18T19:11:50Z,False,1661664986,,
143,l.4oCVBnw,Close To You (Audiotricz Remix) - Single,2023-10-04T09:36:59Z,2023-10-04T09:36:59Z,True,1706506741,,
144,l.4pbwKct,Alag Aasmaan (Acoustic) - Single,2021-03-31T21:23:48Z,2021-03-31T21:23:48Z,True,1710704000,,
145,l.4siexUn,MIDDLE CHILD - Single,2022-08-27T10:11:57Z,2022-08-27T10:11:57Z,True,1450405852,,
146,l.4ukxBhg,O Saya (Drill Edit) - Single,2024-09-17T02:40:05Z,2024-09-17T02:40:05Z,True,1748329952,,
147,l.514fJNm,Mozart Hardstyle (Turkish March) - Single,2024-11-25T19:06:56Z,2024-11-25T19:06:56Z,False,1719219513,,
153,l.56eJzMr,Lost My Mind - Single,2024-07-22T02:18:20Z,2024-07-22T02:18:20Z,False,1721917640,,
154,l.57IMnBu,Marigold Soundsystem - Single,2024-01-04T06:20:27Z,2024-01-04T06:20:27Z,True,1714480508,,
157,l.58nqv8r,"Soni Soni (From ""Ishq Vishk Rebound"") - Single",2025-04-10T01:51:47Z,2025-04-10T01:51:47Z,True,1747916340,,
158,l.59fro3n,Sunn Na - Single,2021-11-26T11:46:52Z,2021-11-26T11:46:52Z,True,1495154359,,
159,l.5EPv1Hz,"Balling (feat. Songer, Mr Traumatik, Devilman & Oneda) [Edit] - Single",2024-12-11T22:14:17Z,2024-12-11T22:14:17Z,True,1613604689,,
161,l.5GrDJZ5,Joota Japani - Single,2024-01-24T21:36:12Z,2024-01-24T21:36:12Z,True,1726345624,,
164,l.5MXYa0g,Roses - Single,2021-06-05T17:48:05Z,2021-06-05T17:48:05Z,False,1555062284,,
168,l.5R9X72g,HIGHEST IN THE ROOM - Single,2021-06-27T01:31:14Z,2021-06-27T01:31:14Z,True,1481874613,,
169,l.5TZXWxw,Remind Me Of The Rodeo (feat. Audio Chateau) - Single,2024-08-29T01:36:13Z,2024-08-29T01:36:13Z,True,1757599577,,
170,l.5VCiTa6,No Promises (feat. Demi Lovato) - Single,2023-11-01T06:56:04Z,2023-11-01T06:56:04Z,True,1218414730,,
171,l.5WBJKhh,Starboy (feat. Daft Punk) [Kygo Remix] - Single,2025-04-19T14:28:29Z,2025-04-19T14:28:29Z,True,1444884461,,
174,l.5Ytj4Yh,Dress Code - Single,2024-11-07T17:31:58Z,2024-11-07T17:31:58Z,True,1787190043,,
175,l.5Z1LBhn,Merch Madness - Single,2023-07-09T21:35:36Z,2023-07-09T21:35:36Z,True,1696184618,,
176,l.5aKNEm,Summer High - Single,2022-09-11T01:56:35Z,2022-09-11T01:56:35Z,True,1637645554,,
178,l.5eqK3cv,Pour Your Heart Out (feat. 070 Shake) - Single,2023-07-20T06:23:12Z,2023-07-20T06:23:12Z,True,1687193276,,
179,l.5gTcQof,"Ring Ring (feat. Don Toliver, Quavo & Ty Dolla $ign) [Extended Version] - Single",2023-10-17T09:38:03Z,2023-10-17T09:38:03Z,True,1810757189,,
180,l.5i4yp5t,It Ain't Me - Single,2022-10-26T21:01:43Z,2022-10-26T21:01:43Z,True,1444631463,,
181,l.5jWc8hj,Not Like Us - Single,2024-05-05T11:18:15Z,2024-05-05T11:18:15Z,True,1744776162,,
182,l.5jcH86c,Show Tracks - Single,2025-01-17T15:18:46Z,2025-01-17T15:18:46Z,True,1472807364,,
183,l.5kc5fO8,Mai Ni Meriye (feat. Jonita Gandhi & Ashwin Adwani) - Single,2024-02-29T04:17:36Z,2024-02-29T04:17:36Z,True,1513254868,,
184,l.5l0PlA1,Aawara - Single,2024-03-21T22:42:53Z,2024-03-21T22:42:53Z,True,1735116646,,
188,l.61yeyZy,Taka - Single,2024-05-28T17:57:39Z,2024-05-28T17:57:39Z,True,1736615807,,
189,l.62pZ5H1,The Best In The World Pack - Single,2021-12-20T23:19:37Z,2021-12-20T23:19:37Z,True,1468617896,,
190,l.63okbYj,SICKO MODE [Skrillex Remix] - Single,2022-01-06T18:32:48Z,2022-01-06T18:32:48Z,True,1444811002,,
191,l.65ykoAf,Ek Pal - Single,2023-09-13T02:23:11Z,2023-09-13T02:23:11Z,True,1646944775,,
192,l.68qDF32,Tsunami - Single,2021-08-26T19:23:41Z,2021-08-26T19:23:41Z,True,1350838094,,
193,l.69Rnsm8,"First Day Out (Freestyle), Pt. 2 - Single",2023-09-24T09:31:16Z,2023-09-24T09:31:16Z,True,1772010774,,
194,l.6AXqDdf,4 Life (feat. G4shi) [Habstrakt Remix] - Single,2023-07-08T05:02:19Z,2023-07-08T05:02:19Z,True,1445314329,,
195,l.6AbTKwC,Die for You - Single,2022-05-04T01:59:25Z,2022-05-04T01:59:25Z,False,,,
196,l.6Dm1KTm,BOTH (with 21 Savage) - Single,2023-09-22T08:46:01Z,2023-09-22T08:46:01Z,True,1704405864,,
200,l.6Is9CLb,Lifestyle - Single,2022-10-09T07:56:42Z,2022-10-09T07:56:42Z,False,1636000398,,
201,l.6KtX9Qx,Arms Around You (feat. Maluma & Swae Lee) - Single,2023-07-29T10:32:58Z,2023-07-29T10:32:58Z,True,1439775770,,
202,l.6LA2lJe,everything i wanted - Single,2021-03-17T18:48:58Z,2021-03-17T18:48:58Z,True,1487502456,,
203,l.6SBPzpB,Real As It Gets (feat. EST Gee) - Single,2023-02-15T08:07:07Z,2023-02-15T08:07:07Z,False,,,
205,l.6XSC8Kd,Uh Uh - Single,2023-07-20T06:18:48Z,2023-07-20T06:18:48Z,True,1686632460,,
206,l.6XfQPMf,Tuta Pull Wahan - Single,2024-11-25T19:06:56Z,2024-11-25T19:06:56Z,False,1637882912,,
207,l.6ZZEfqb,Last Call - Single,2025-04-18T14:45:01Z,2025-04-18T14:45:01Z,True,1798790936,,
208,l.6b8GbNm,Memories (feat. Sirah) - Single,2021-06-12T10:44:44Z,2021-06-12T10:44:44Z,True,1350840607,,
212,l.6kELCEy,His & Hers (feat. Don Toliver & Lil Uzi Vert) - Single,2023-08-07T01:46:44Z,2023-08-07T01:46:44Z,True,1711794510,,
213,l.6l9rYut,Gimme That Bounce - Single,2024-11-06T02:11:15Z,2024-11-06T02:11:15Z,True,1657524064,,
214,l.6o1pqu7,BOTH (with 21 Savage) [Tiësto's VIP Mix] - Single,2023-10-28T23:36:40Z,2023-10-28T23:36:40Z,True,1707816155,,
217,l.6qlXYot,Escape (feat. Hayla) - Single,2024-03-07T04:13:35Z,2024-03-07T04:13:35Z,True,1610019676,,
221,l.707p0Je,Armed and Dangerous - Single,2022-10-24T07:06:56Z,2022-10-24T07:06:56Z,True,1441184405,,
223,l.73Y1SPl,The Beat - Single,2023-11-01T06:54:49Z,2023-11-01T06:54:49Z,True,1408696881,,
227,l.7AnusYt,Manave - Single,2024-01-17T07:22:16Z,2024-01-17T07:22:16Z,True,1715220845,,
232,l.7HRSKUo,Internet Trolls - Single,2023-02-15T08:07:07Z,2023-02-15T08:07:07Z,False,,,
233,l.7IrIK4e,"FRANCHISE (REMIX) [feat. Future, Young Thug & M.I.A.] - Single",2022-07-20T17:41:59Z,2022-07-20T17:41:59Z,True,1534871148,,
235,l.7LPDIdr,"The Plan (From the Motion Picture ""TENET"") - Single",2021-12-22T01:14:53Z,2021-12-22T01:14:53Z,True,1528769566,,
239,l.7Q7A5tf,The Idol Episode 5 Part 1 (Music from the HBO Original Series) - Single,2023-07-09T21:24:38Z,2023-07-09T21:24:38Z,True,1694779180,,
242,l.7VHtYgw,Ma Belle - Single,2023-07-27T04:36:52Z,2023-07-27T04:36:52Z,True,1575407405,,
243,l.7WxV3I1,Bad Boy - Single,2023-01-25T23:11:38Z,2023-01-25T23:11:38Z,True,1548996181,,
244,l.7aGEfab,BOOM (feat. Gucci Mane) - Single,2022-09-22T08:06:44Z,2022-09-13T21:26:52Z,True,1444605010,,
245,l.7cSrj6C,Run Up (feat. PARTYNEXTDOOR & Nicki Minaj) - Single,2024-01-14T07:36:39Z,2024-01-14T07:36:39Z,True,1694797139,,
248,l.7gMkHTv,Pursuit of Happiness (feat. MGMT & Ratatat) [Extended Steve Aoki Remix] - Single,2021-09-24T02:44:36Z,2021-09-24T02:44:36Z,True,1445167292,,
250,l.7lLUJYj,Paradise - Single,2024-10-10T03:59:17Z,2024-10-10T03:59:17Z,True,1689215392,,
251,l.7oZ73q1,Kahaani (feat. Pavithra Chari) - Single,2021-05-29T18:40:45Z,2021-05-29T18:40:45Z,True,1710799412,,
253,l.7r846M4,I LUV IT (feat. Playboi Carti) - Single,2024-03-27T18:00:11Z,2024-03-27T18:00:11Z,False,,,
254,l.7tKER0n,Stay a While (Ummet Ozcan Remix) - Single,2022-11-01T20:20:35Z,2022-11-01T20:20:35Z,True,1137153984,,
259,l.8D6Pbe5,Até o Fim - Single,2024-09-10T02:01:42Z,2024-09-10T02:01:42Z,True,1778455814,,
264,l.8ItCk54,We Rollin - Single,2023-06-15T18:20:08Z,2023-06-15T18:20:08Z,True,1635085630,,
265,l.8MymDiu,"She’s Gone, Dance On - Single",2024-10-24T14:20:55Z,2024-10-24T14:20:55Z,True,1747616877,,
267,l.8QD8fsv,Blow - Single,2023-02-15T08:07:07Z,2023-02-15T08:07:07Z,False,,,
268,l.8UmtA1i,Mi Amor - Single,2023-07-27T04:06:35Z,2023-07-27T04:06:35Z,False,,,
270,l.8XVNBbn,Light It Up (feat. Nyla & Fuse ODG) [Ritviz Diwali Edition] - Single,2022-11-27T18:03:41Z,2022-11-27T18:03:41Z,False,,,
272,l.8Yty5oB,"Enzo (feat. Offset, 21 Savage & Gucci Mane) - Single",2022-09-22T08:01:47Z,2022-09-22T08:01:47Z,True,1459917818,,
274,l.8akwKKz,10 Pe 10 - Single,2022-11-24T17:29:37Z,2022-11-24T17:29:37Z,True,1655766766,,
275,l.8eJggW6,Under The Influence - Single,2023-07-06T19:40:06Z,2023-07-06T19:40:06Z,True,1643755888,,
276,l.8etmHBf,If It Ain't Love - Single,2024-11-14T23:35:04Z,2024-11-14T23:35:04Z,True,1097221246,,
278,l.8nKokRj,MATTE GLOSS (feat. Rae Stones) - Single,2023-08-29T22:39:55Z,2023-08-29T22:39:55Z,True,1526618243,,
279,l.8qm2qcc,Liquor & Cigarettes (feat. ArrDee) - Single,2023-12-21T07:28:16Z,2023-12-21T07:28:16Z,True,1707151882,,
280,l.8rnfJyh,Happy Endings (feat. iann dior and UPSAHL) - Single,2021-10-27T19:19:50Z,2021-10-27T19:19:50Z,True,1553564909,,
281,l.8xyKvyq,Gimme! Gimme! Gimme! (A man after midnight) - Single,2023-07-06T19:33:55Z,2023-07-06T19:33:55Z,True,1637153005,,
282,l.92d4Pe3,See Wat I’m Sayin - Single,2023-02-15T08:07:07Z,2023-02-15T08:07:07Z,False,,,
283,l.92tgKu6,She Knows (with Akon) [3 Are Legend x Mandy Remix] - Single,2023-09-03T13:21:26Z,2023-09-03T13:21:26Z,True,1703955153,,
285,l.93xVxph,Chauffeur - Single,2024-10-10T03:51:31Z,2024-10-10T03:51:31Z,True,1614443085,,
287,l.96DImmp,Tantalizing - Single,2025-04-10T02:19:31Z,2025-04-10T02:19:31Z,True,1772696694,,
289,l.99cTzzq,Would You (go to bed with me?) [MGB Edit] - Single,2024-07-22T02:18:17Z,2024-07-22T02:18:17Z,True,1711704210,,
291,l.9AQSPwk,"Take Me Home, Country Roads - Single",2024-06-25T21:08:59Z,2024-06-25T21:08:59Z,True,1748837238,,
292,l.9DLjZiu,Talk To Me (feat. Naisha) - Single,2024-11-01T18:10:10Z,2024-11-01T18:10:10Z,True,1774350902,,
297,l.9KWMRvl,Parking Lot - Single,2024-07-19T16:19:57Z,2024-07-19T16:19:57Z,True,1752189829,,
298,l.9Le92j8,Lioness - Single,2024-06-08T01:59:38Z,2024-06-08T01:59:38Z,True,1749175516,,
299,l.9NT6gTq,Feel This Way - Single,2023-11-15T08:52:01Z,2023-11-15T08:52:01Z,True,1700666897,,
300,l.9OgIoIn,meet the grahams - Single,2024-05-05T11:18:27Z,2024-05-05T11:18:27Z,True,1744776349,,
302,l.9X24pC3,Ride With Me - Single,2025-03-18T19:11:50Z,2025-03-18T19:11:50Z,False,1578053158,,
303,l.9YXW525,I Guess - Single,2023-01-27T18:36:19Z,2023-01-27T18:36:19Z,True,1650919101,,
310,l.9onXH73,Junoon - Single,2024-01-03T09:54:12Z,2024-01-03T09:54:12Z,True,1606975467,,
313,l.9sdn0Pl,"Family (feat. Bebe Rexha, Ty Dolla $ign & A Boogie Wit da Hoodie) [David Guetta Downtempo Dance Remix] - Single",2022-01-08T08:01:16Z,2022-01-08T08:01:16Z,True,1600957497,,
316,l.A5VMgA1,Laser House - Single,2021-06-05T17:48:05Z,2021-06-05T17:48:05Z,False,1491059168,,
318,l.A8ycfZm,"Or Nah (feat. The Weeknd, Wiz Khalifa and DJ Mustard) [Remix] - Single",2022-08-26T08:05:47Z,2022-08-26T08:05:47Z,False,884361596,,
324,l.AM93Tbf,I'm Good (Blue) - Single,2024-07-14T21:10:05Z,2024-07-14T21:10:05Z,True,1640751219,,
326,l.ARfwVZa,San Francisco - Single,2023-05-25T21:04:43Z,2023-05-25T21:04:43Z,True,1611044650,,
327,l.ATGy6bc,Rocky Road Pt. 2 - Single,2023-02-17T21:04:49Z,2023-02-17T21:04:49Z,False,,,
331,l.AdKQ1hz,KHATLA PAR - Single,2025-01-31T07:40:05Z,2025-01-31T07:40:05Z,True,1792859431,,
332,l.Ae6C55a,Sorath (feat. Hariom Gadhavi) - Single,2023-05-03T19:21:05Z,2023-05-03T19:21:05Z,True,1661933970,,
335,l.AjvIKn1,No Love - Single,2023-03-18T06:34:57Z,2023-03-18T06:34:57Z,True,1635085634,,
336,l.Akevz4n,Baller - Single,2023-06-15T18:18:03Z,2023-06-15T18:18:03Z,True,1641674737,,
340,l.AoSkbAw,Boom Boom (Lip Lock) - Single,2024-01-18T00:02:34Z,2024-01-18T00:02:34Z,True,557250105,,
341,l.Aq5sHgj,Believe - Single,2024-05-04T03:01:24Z,2024-05-04T03:01:24Z,True,1741002349,,
344,l.AtfnpDw,Maula - Single,2021-03-12T18:57:16Z,2021-03-12T18:57:16Z,True,1710154660,,
345,l.AwgaDr7,Turks (feat. Travis Scott) - Single,2021-07-10T08:24:54Z,2021-07-10T08:24:54Z,True,1499933482,,
346,l.AwsRnm5,Loving You (feat. Lulu James) [Remixes] - Single,2023-08-07T00:40:27Z,2023-08-07T00:40:27Z,True,1017821585,,
347,l.Axrxy6u,New World (feat. Vava) - Single,2025-04-19T03:11:37Z,2025-04-19T03:11:37Z,True,1338904834,,
351,l.B9Ar003,"Tumhe Apna Banane Ka-Chand Chhupa (From ""T-Series Mixtape Season 2"") - Single",2025-03-18T19:11:50Z,2025-03-18T19:11:50Z,False,1459061818,,
352,l.B9K2Nqc,For Me - Single,2022-07-14T20:32:35Z,2022-07-14T20:32:35Z,True,1536034373,,
353,l.B9NwZJd,Go Back - Single,2024-07-22T02:18:20Z,2024-07-22T02:18:20Z,False,1745292769,,
355,l.BFWfQws,Catalyst - Single,2023-03-28T07:51:06Z,2023-03-28T07:51:06Z,True,1666640820,,
356,l.BLmywJo,"Cash In Cash Out (feat. 21 Savage & Tyler, The Creator) - Single",2024-09-22T23:26:19Z,2024-09-22T23:26:19Z,True,1626347712,,
357,l.BNfg1gs,Memories - Single,2025-04-18T14:47:50Z,2025-04-18T14:47:50Z,True,1808641222,,
358,l.BPwyF51,No Stylist - Single,2022-02-15T06:26:32Z,2022-02-15T06:26:32Z,True,1436807876,,
359,l.BQfKjyC,Dr. Stone (feat. Shirobeats) - Single,2023-05-26T01:07:26Z,2023-05-26T01:07:26Z,True,1491607013,,
360,l.BR62BEw,Good Thing - Single,2023-10-17T09:58:38Z,2023-10-17T09:58:38Z,True,1481152671,,
364,l.BVHcFy1,Aigiri Nandini - Single,2024-11-25T19:06:56Z,2024-11-25T19:06:56Z,False,1617218789,,
366,l.BWbYFvA,"Move (feat. Keinemusik, Malachiii & Orso) - Single",2025-04-19T03:23:56Z,2025-04-19T03:23:56Z,True,1771560552,,
370,l.BbhF1nv,Wow. (Remix) [feat. Roddy Ricch & Tyga] - Single,2023-08-04T17:58:16Z,2023-08-04T17:58:16Z,True,1456309795,,
373,l.BjmKoM1,La Flame - Single,2023-09-09T12:30:12Z,2023-09-09T12:30:12Z,True,1706064254,,
374,l.BlczoL5,Goodies (Knock2 Remix) - Single,2023-06-23T04:21:17Z,2023-06-23T04:21:17Z,True,1671078790,,
382,l.C6zAN0u,"Arjan Vailly (From ""ANIMAL"") - Single",2024-08-06T15:20:08Z,2024-08-06T15:20:08Z,False,1717209250,,
383,l.C9j4sGg,"WORTH NOTHING (Fast & Furious: Drift Tape/Phonk, Vol 1) [feat. Oliver Tree] - Single",2024-07-22T02:18:17Z,2024-07-22T02:18:17Z,False,1650889244,,
385,l.CKMTEjy,Gtfu - Single,2024-07-22T02:18:20Z,2024-07-22T02:18:20Z,False,1733534541,,
387,l.CLFn7ay,Do You Know - Single,2022-08-27T07:56:07Z,2022-08-27T07:56:07Z,False,,,
388,l.CNy48Rf,Xenogenesis - Single,2023-06-04T22:00:38Z,2023-06-04T22:00:38Z,True,1758833955,,
393,l.CSGPFB3,Spiritual (Mriya) [feat. Brooke Tomlinson] - Single,2024-11-29T02:01:41Z,2024-11-29T02:01:41Z,True,1452007852,,
395,l.CW0KYTa,Sold Out Dates (feat. Lil Baby) - Single,2021-12-24T02:38:37Z,2021-12-24T02:38:37Z,True,1456667605,,
396,l.CWluLSs,His & Hers (feat. Gunna) - Single,2023-08-07T01:46:44Z,2023-08-07T01:46:44Z,False,,,
397,l.CX2ncRl,Vaage Vaage 2 - Single,2024-10-18T03:06:30Z,2024-10-18T03:06:30Z,True,1769911767,,
398,l.CYrWywc,Somewhere to Run - Single,2024-05-24T05:29:49Z,2024-05-24T05:29:49Z,True,976755290,,
402,l.Chh9TQm,Babylon (feat. Denzel Curry) [Remixes] - Single,2024-11-07T20:53:18Z,2024-11-07T20:53:18Z,True,1292297793,,
403,l.CkIEWKq,Sprinter - Single,2023-10-11T07:52:02Z,2023-10-11T07:52:02Z,True,1690379114,,
404,l.CkeiRsn,Jericho - Single,2023-08-03T05:45:01Z,2023-08-03T05:45:01Z,True,1682564934,,
410,l.CqwZ5Xp,Sadqay - Single,2025-04-27T16:21:44Z,2025-04-27T16:21:44Z,True,1726588954,,
411,l.CqxOd2p,Ramen & OJ - Single,2023-10-04T23:30:45Z,2023-10-04T23:30:45Z,True,1563489813,,
412,l.Cs23iEl,Taambdi Chaamdi - Single,2024-10-25T13:14:32Z,2024-10-25T13:14:32Z,True,1762652522,,
413,l.CsOHzdb,Chhote Sunn - Single,2021-11-26T11:12:48Z,2021-11-26T11:12:48Z,True,1444594387,,
415,l.CxjQINx,Slangs - Single (feat. JAACKYA) - Single,2023-08-18T05:35:17Z,2023-08-18T05:35:17Z,True,1710108101,,
416,l.CyDweNr,Story Of My Life (feat. Trippie Redd) [Heavy Edit] - Single,2022-09-13T21:36:51Z,2022-09-13T21:36:51Z,False,1596763167,,
417,l.D0EaPMu,Enemy - Single,2025-04-18T19:50:48Z,2025-04-18T19:50:48Z,True,1755953528,,
420,l.DC4Ys81,bread & butter - Single,2023-06-03T09:58:05Z,2023-06-03T09:58:05Z,True,1690691629,,
422,l.DEoJ4Mg,Family Matters - Single,2024-05-04T15:51:52Z,2024-05-04T15:51:52Z,True,1744684618,,
423,l.DFJlwSo,Kiss Me More (feat. SZA) - Single,2023-07-12T21:06:48Z,2023-07-12T21:06:48Z,False,,,
424,l.DJ4MT08,Butter - Single,2023-07-12T21:06:51Z,2023-07-12T21:06:51Z,False,,,
425,l.DJzWP0r,Forever (feat. Quavo & Sebastian Kole) - Single,2022-09-22T08:16:52Z,2022-09-22T08:16:52Z,True,1444625113,,
427,l.DK3j0Pf,Verve - Single,2024-06-08T01:59:09Z,2024-06-08T01:59:09Z,True,1747289095,,
428,l.DMFeRis,Sanctuary - Single,2025-04-18T14:51:49Z,2025-04-18T14:51:49Z,True,1805613172,,
429,l.DN7RYru,Lszee - Single,2024-07-21T15:00:52Z,2024-07-21T15:00:52Z,False,,,
434,l.DbeBWek,Calling (Lose My Mind) [Radio Edit] [feat. Ryan Tedder] - Single,2024-06-23T03:55:46Z,2024-06-23T03:55:46Z,True,1444322952,,
436,l.Dclhzou,Ek Din Pyaar (Tadipaar) - Single,2021-03-12T23:20:08Z,2021-03-12T23:20:08Z,True,1535586621,,
438,l.DeRvbeq,Vito / Bad Boy - Single,2023-08-14T02:28:59Z,2023-08-14T02:28:59Z,True,1751987936,,
439,l.Dhrxxe9,Bruises (Destinations) - Single,2024-07-22T02:18:20Z,2024-07-22T02:18:20Z,True,1430395811,,
443,l.DsZmfC5,MONEY ON THE DASH (with Diplo) - Single,2023-07-10T06:06:31Z,2023-07-10T06:06:31Z,True,1689520076,,
445,l.DuobJxx,9:45 - Single,2024-02-04T03:53:22Z,2024-02-04T03:53:22Z,True,1675886525,,
446,l.DwNpv2,It's That Time (Dimension Remix) - Single,2024-07-22T02:18:20Z,2024-07-22T02:18:20Z,False,1709999194,,
447,l.DwkjVzi,All Black - Single,2023-07-28T04:33:14Z,2023-07-28T04:33:14Z,True,1159600836,,
450,l.EAsisSn,Shot O'clock - Single,2024-05-03T05:14:39Z,2024-05-03T05:14:39Z,True,1739245913,,
454,l.EGHJl6h,Last Flight Home - Single,2024-07-01T17:41:27Z,2024-07-01T17:41:27Z,True,1731247945,,
459,l.ETXoOCi,Punjabi - Single,2024-01-14T02:19:04Z,2024-01-14T02:19:04Z,True,1347940107,,
460,l.EXup17o,Akhiyaan - Single,2023-02-12T04:02:43Z,2023-02-12T04:02:43Z,True,1611369501,,
462,l.EaiqfJ7,Nadiyon Sa - Single,2023-10-13T23:36:16Z,2023-10-13T23:36:16Z,True,1686671954,,
463,l.Ec1Hozt,Make You Mine (feat. Moa Lisa) - Single,2022-10-26T20:46:21Z,2022-10-26T20:46:21Z,True,1491368166,,
464,l.EeWU99n,Trigga Finga / The Saucer - Single,2024-07-22T02:18:20Z,2024-07-22T02:18:20Z,False,1479361929,,
465,l.EetAems,Roses (Imanbek Remix) - Single,2021-07-19T04:07:25Z,2021-07-19T04:07:25Z,True,1712388490,,
466,l.Ef6gUfa,HIIR - Single,2023-05-14T17:24:47Z,2023-05-14T17:24:47Z,True,1714479446,,
469,l.Ej8dxUb,Meter Down (feat. Kaam Bhaari) - Single,2021-11-22T22:47:01Z,2021-11-22T22:47:01Z,True,1544437393,,
470,l.EjRvSB8,Forbidden Voices - Single,2021-06-10T01:50:01Z,2021-06-10T01:50:00Z,True,1346088014,,
471,l.EjyRLyj,JOYRIDE - Single,2024-09-10T01:57:35Z,2024-09-10T01:57:35Z,False,,,
472,l.Ek25CRp,Zombie - Single,2023-09-16T00:01:30Z,2023-09-16T00:01:30Z,True,1393742696,,
473,l.EnTSAcv,Tere Bina - Single,2025-02-16T11:22:43Z,2025-02-16T11:22:43Z,False,1477621848,,
474,l.EoeN4Qc,Big Dawgs - Single,2024-07-24T14:21:21Z,2024-07-24T14:21:21Z,True,1754946756,,
475,l.Er2rJMB,Miracle (Reaper Remix) - Single,2024-07-22T02:18:20Z,2024-07-22T02:18:20Z,False,1659875745,,
479,l.EuigPw7,Big FU - Single,2023-10-27T19:40:55Z,2023-10-27T19:40:55Z,True,1711683456,,
482,l.F1NBock,Pump up the Bassline - Single,2024-09-14T14:48:03Z,2024-09-14T14:48:03Z,True,1759051591,,
484,l.F47WJ77,ESCAPE PLAN / MAFIA - Single,2022-06-08T08:39:03Z,2022-06-08T08:39:03Z,True,1593692664,,
489,l.F9ACIox,Never Let You Go - Single,2021-04-03T07:04:03Z,2021-04-03T07:04:03Z,True,1337251400,,
490,l.FB3cgkb,Wolves - Single,2025-02-21T04:59:18Z,2025-02-21T04:59:18Z,False,1445055015,,
491,l.FDukGRx,2U (feat. Justin Bieber) - Single,2021-03-30T01:50:45Z,2021-03-30T01:50:45Z,True,1445023441,,
493,l.FIznjQp,I'm The Drama - Single,2024-10-07T21:43:10Z,2024-10-07T21:43:10Z,True,1753351582,,
494,l.FN9lBhl,I Want You - Single,2024-10-18T19:28:50Z,2024-10-18T19:28:50Z,True,1480527191,,
495,l.FNRpc6u,Panda - Single,2021-05-16T06:00:36Z,2021-05-16T06:00:36Z,True,1445318748,,
497,l.FQtTkKn,Ame Gujarati - Single,2023-08-11T20:00:38Z,2023-08-11T20:00:38Z,True,1710095300,,
498,l.FShshVx,Haunted VIP - Single,2024-07-22T02:18:20Z,2024-07-22T02:18:20Z,False,1801678105,,
499,l.FTUTrwa,Wonky - Single,2025-04-18T17:54:12Z,2025-04-18T17:54:12Z,True,1778517290,,
501,l.FUgCVsu,Rock My Body (with Sash!) [W&W x R3HAB VIP Remix] - Single,2023-08-27T20:55:08Z,2023-08-27T20:55:08Z,True,1699176231,,
505,l.FjRY99r,My All - Single,2023-02-15T08:07:07Z,2023-02-15T08:07:07Z,False,,,
506,l.Fk3L3Dh,Gravity - Single,2024-07-22T02:18:17Z,2024-07-22T02:18:17Z,False,1686726400,,
507,l.FlF9pVr,Blue Monday (feat. JD Davis) - Single,2024-11-25T19:06:56Z,2024-11-25T19:06:56Z,False,1757421396,,
511,l.FyXbZS3,Elon Musk (feat. Gunna) - Single,2022-05-16T08:36:49Z,2022-05-16T08:36:49Z,True,1609133621,,
513,l.G3H3kh,No Promises (feat. Sofiloud) - Single,2024-07-28T14:17:17Z,2024-07-28T14:17:17Z,True,1748607800,,
517,l.GHYTPcC,Slangs - Single,2023-08-18T05:35:17Z,2023-08-18T05:35:17Z,False,,,
521,l.GYk1Wgl,Aath Das (feat. J Trix) - Single,2022-01-10T20:20:17Z,2022-01-10T20:20:17Z,True,1583799039,,
525,l.GjePCjt,Don't Play With It (feat. Billy B) - Single,2023-02-15T08:07:07Z,2023-02-15T08:07:07Z,False,,,
528,l.Gn94QO1,Rookie of the Year - Single,2023-02-15T08:07:07Z,2023-02-15T08:07:07Z,False,,,
529,l.Gn9gnna,So High - Single,2023-01-27T03:12:45Z,2023-01-27T03:12:45Z,True,1639343738,,
531,l.Gq1dBwm,Jee Le Aaj - Single,2024-07-01T17:35:21Z,2024-07-01T17:35:21Z,True,1561243104,,
533,l.GxFqw1h,Click Click Click - Single,2024-07-22T02:18:20Z,2024-07-22T02:18:20Z,False,1747591627,,
536,l.H1ESR8d,This Is What You Came For (feat. Rihanna) - Single,2021-04-18T19:26:57Z,2021-04-18T19:26:57Z,False,,,
537,l.H2x8IFt,SHUTDOWN - Single,2024-10-24T15:10:21Z,2024-10-24T15:10:21Z,True,1754540886,,
539,l.H56ef4u,Catch Me Outside - Single,2025-01-23T19:45:18Z,2025-01-23T19:45:18Z,True,1516908033,,
541,l.H5DNQex,Never Sleep (feat. Lil Baby) - Single,2022-07-29T16:18:52Z,2022-07-29T16:18:52Z,False,,,
543,l.H9FHUL5,Unity - Single,2023-02-10T01:13:25Z,2023-02-10T01:13:25Z,True,1667967291,,
545,l.HGD6Gew,Seedhe Maut Anthem - Single,2022-07-15T00:41:07Z,2022-07-15T00:41:07Z,True,1233336603,,
546,l.HGqF5pm,Bye Bye - Single,2024-09-16T23:52:38Z,2024-09-16T23:52:38Z,True,1648973071,,
549,l.HRJFr23,Pachamama (Disrupta Remix) [feat. Elliphant] - Single,2024-07-22T02:18:20Z,2024-07-22T02:18:20Z,False,1746049074,,
552,l.HUnmSva,Rave Is Life - Single,2024-07-22T02:18:20Z,2024-07-22T02:18:20Z,False,1748837750,,
556,l.HnN27Uo,"Quevedo: Bzrp Music Sessions, Vol. 52 - Single",2023-10-21T08:52:10Z,2023-10-21T08:52:10Z,True,1632746799,,
557,l.Hq2ZqM9,Off The Ground - Single,2024-07-22T02:18:17Z,2024-07-22T02:18:17Z,False,1627617897,,
559,l.Htn42Qq,"Hungama Ho Gaya (From ""Queen"") - Single",2024-07-18T03:05:07Z,2024-07-18T03:05:07Z,True,1360806907,,
560,l.HwZTvPw,Echo - Single,2024-11-25T19:06:56Z,2024-11-25T19:06:56Z,False,1698515313,,
561,l.HxkPVWw,Ransom - Single,2025-03-24T20:21:21Z,2025-03-24T20:21:21Z,True,1466839697,,
566,l.IFQ5TFy,Close Eyes (Sped Up) - Single,2023-05-05T11:20:33Z,2023-05-05T11:20:33Z,True,1640594768,,
567,l.IFTzDex,Painless 2 (feat. Lil Durk) - Single,2023-08-07T01:55:36Z,2023-08-07T01:55:36Z,True,1525415968,,
568,l.IHYL9hj,Moth To A Flame - Single,2023-04-12T15:30:02Z,2023-04-12T15:30:02Z,True,1590610692,,
569,l.IL2Wli5,The Middle - Single,2021-04-16T18:43:47Z,2021-04-16T18:43:47Z,True,1444896433,,
570,l.IN7kozj,Khamoshiyaan - Single,2024-07-30T15:19:58Z,2024-07-30T15:19:58Z,True,1804369842,,
571,l.IRCk2Bs,Light It Up (Ritviz Diwali Edition) [feat. Nyla & Fuse ODG] - Single,2022-11-27T18:03:41Z,2022-11-27T18:03:41Z,True,1694795882,,
572,l.IRIChb1,VN3 (UDAAN) - Single,2024-07-01T17:43:21Z,2024-07-01T17:43:21Z,True,1711915326,,
575,l.IZ47TWv,Bandit - Single,2021-12-18T03:54:03Z,2021-12-18T03:54:03Z,True,1481647215,,
576,l.IZZlM07,Do Guna - Single,2021-05-08T04:01:28Z,2021-05-08T04:01:28Z,True,1804728258,,
577,l.IdE2Ngd,SONG REQUEST - Single,2024-10-06T08:12:30Z,2024-10-06T08:12:30Z,True,1744417331,,
578,l.IdewDAc,Rush - Single,2025-02-26T05:34:01Z,2025-02-26T05:34:01Z,True,1500883298,,
580,l.InYv0cv,Break Through the Silence - Single,2022-07-17T22:38:18Z,2022-07-17T22:38:18Z,True,1352375712,,
582,l.IqCq3Kz,Mi Amor - Single,2023-07-27T04:06:35Z,2023-07-27T04:06:35Z,True,1810744307,,
583,l.IqoiVQa,Goddess (feat. Raja Kumari) - Single,2022-06-09T18:40:38Z,2022-06-09T18:40:38Z,True,1511078994,,
584,l.IrVdWa9,Voodoo (feat. Lil Baby) - Single,2024-04-11T04:55:42Z,2024-04-11T04:55:42Z,True,1628775688,,
586,l.IuaFDia,High Note (feat. Emily Makis) - Single,2024-07-22T02:18:17Z,2024-07-22T02:18:17Z,False,1584392631,,
588,l.IxeK2G5,SLUT ME OUT 2 (Extra Slutty Mix) - Single,2024-07-21T14:46:15Z,2024-07-21T14:46:15Z,True,1753379535,,
589,l.IyQkwhm,No Cap - Single,2023-10-17T09:25:24Z,2023-10-17T09:25:24Z,True,1592662170,,
593,l.JA6ZPKh,Settle - Single,2021-07-19T02:51:27Z,2021-07-19T02:51:27Z,False,,,
594,l.JCOmq2w,"Naina (From ""Crew"") - Single",2024-11-21T04:52:11Z,2024-11-21T04:52:11Z,True,1734233686,,
596,l.JFlEXaa,Silhouettes (Radio Edit) - Single,2023-09-09T21:12:35Z,2023-09-09T21:12:35Z,True,1445311239,,
598,l.JKAbYnC,Pyar Diwana Hota Hai (Synthwave) - Single,2023-08-01T09:08:50Z,2023-08-01T09:08:50Z,True,1700196701,,
599,l.JQBCdzo,Where Do We Go (feat. Poppy Baskcomb) - Single,2024-07-22T02:18:17Z,2024-07-22T02:18:17Z,False,1643014510,,
600,l.JQv2xLd,The Hillbillies - Single,2024-05-09T21:27:47Z,2024-05-09T21:27:47Z,True,1690887530,,
603,l.JUIiNH9,Khalasi  Coke Studio Bharat - Single,2023-07-15T17:03:19Z,2023-07-15T17:03:19Z,True,1693796817,,
606,l.JWTaOy6,Burn Out (feat. Dewain Whitmore) - Single,2024-11-07T22:01:12Z,2024-11-07T22:01:12Z,True,1435626990,,
607,l.JWi32Jo,dashstar* VIP - Single,2023-04-20T09:52:42Z,2023-04-20T09:52:42Z,True,1662738340,,
612,l.JjlE8Rz,Mask Off (Marshmello Remix) - Single,2021-06-04T19:43:41Z,2021-06-04T01:39:17Z,True,"1247626065,1248449684",,
613,l.Jnq4vc,STAY - Single,2022-02-15T03:29:44Z,2022-02-15T03:29:44Z,True,1574378620,,
614,l.JpU2nG9,STAR WALKIN' (League of Legends Worlds Anthem) - Single,2023-03-04T22:04:22Z,2023-03-04T22:04:22Z,False,1642613175,,
616,l.JtasqLa,GREECE (feat. Drake) - Single,2025-01-25T18:01:39Z,2025-01-25T18:01:39Z,True,1523923810,,
617,l.JvEWnB9,Diva (feat. Lil Tecca) - Single,2023-01-04T13:35:50Z,2023-01-04T13:35:50Z,True,1496390488,,
618,l.JvddiWp,Five More Hours - Single,2023-11-01T07:04:39Z,2023-11-01T07:04:39Z,False,,,
619,l.JvlDewb,Voodoo - Single,2024-11-25T19:06:56Z,2024-11-25T19:06:56Z,False,1619783274,,
620,l.JwJI4VA,Part of Me (feat. Sonam) - Single,2024-11-28T00:15:52Z,2024-11-28T00:15:52Z,True,1699444332,,
622,l.K1JHVxB,On Repeat - Single,2024-05-17T01:57:10Z,2024-05-17T01:57:10Z,True,1769006847,,
625,l.K4Lasbh,Push (feat. OFFAIAH) - Single,2024-05-24T05:29:59Z,2024-05-24T05:29:59Z,True,1747375768,,
627,l.KAbj7V7,Revolution (Radio Mix) - Single,2023-04-18T17:25:49Z,2023-04-18T17:25:49Z,True,1359974617,,
629,l.KFoooTn,Hold On Me - Single,2024-11-20T16:55:51Z,2024-11-20T16:55:51Z,True,1777807936,,
630,l.KIYJQus,Hasti Rahe Tu - Single,2023-05-14T17:48:15Z,2023-05-14T17:48:15Z,True,1681797698,,
631,l.KJAwEKd,Freaks - Single,2023-11-06T05:32:18Z,2023-11-06T05:32:18Z,True,1503415446,,
632,l.KRQBW0e,Rattle - Single,2022-09-13T21:32:19Z,2022-09-13T21:32:19Z,False,1352439242,,
633,l.KUdSWU9,"ULTRAMAN (From The Netflix Film ""Ultraman: Rising"") - Single",2024-06-16T23:29:56Z,2024-06-16T23:29:56Z,True,1749160414,,
636,l.KYPUf88,If I Lose Myself (Alesso vs OneRepublic) - Single,2022-04-28T00:59:21Z,2022-04-28T01:04:28Z,True,1,,
637,l.KYrTpWe,Used to This - Single,2024-07-22T02:18:17Z,2024-07-22T02:18:17Z,True,1594177313,,
639,l.KdSh2Mi,Asian State of Mind - Single,2025-02-28T17:53:04Z,2025-02-28T17:53:04Z,True,1796057686,,
640,l.KexG0u8,Plain Jane REMIX (feat. Nicki Minaj) - Single,2022-11-01T07:28:46Z,2022-11-01T07:28:46Z,False,1325899620,,
643,l.KrcM4Rp,Satisfaction - Single,2024-07-28T23:05:25Z,2024-07-28T23:05:25Z,True,1741740909,,
644,l.Krciaxq,Antidote (Remix) - Single,2022-09-22T08:25:23Z,2022-09-22T08:25:23Z,True,1496650231,,
645,l.KsPQvwi,Aisay Kaisay - Single,2024-06-22T01:04:23Z,2024-06-22T01:04:23Z,True,1496066100,,
647,l.L1VUEcs,Cocoon (Martin Garrix & Space Ducks Remix) - Single,2023-06-23T18:32:42Z,2023-06-23T18:32:42Z,True,1669383876,,
649,l.L65noxc,BEKADRAN - Single,2024-07-19T18:44:25Z,2024-07-19T18:44:25Z,True,1754716356,,
651,l.LAwufYu,Kaliyaan - Single,2024-10-04T12:54:23Z,2024-10-04T12:54:23Z,True,1770241983,,
652,l.LBkvC9b,Baarishein - Single,2021-05-02T05:54:33Z,2021-05-02T05:54:33Z,True,1708026322,,
653,l.LDEszPi,Upper Echelon (feat. T.I. & 2 Chainz) - Single,2023-03-09T09:00:40Z,2023-03-09T09:00:40Z,True,639014836,,
659,l.LLV1Hlu,Evil Jordan - Single,2024-12-20T18:24:41Z,2024-12-20T18:24:41Z,True,1785063218,,
660,l.LPaVlt2,Legacy - Single,2023-09-22T08:34:32Z,2023-09-22T08:34:32Z,True,1706792328,,
661,l.LR31rLy,नalla Freestyle - Single,2022-10-31T21:35:34Z,2022-10-31T21:35:34Z,True,1804711441,,
662,l.LTtQOVq,Feel Again - Single,2024-07-22T02:18:17Z,2024-07-22T02:18:17Z,False,1732993798,,
663,l.LVEi60j,snowfall (Sped Up) - Single,2023-09-01T07:55:04Z,2023-09-01T07:55:04Z,True,1626152958,,
664,l.LXLeFGi,Forever - Single,2024-07-22T20:45:26Z,2024-07-22T20:45:26Z,True,1752000925,,
665,l.Laliikk,CROWN - Single,2023-10-21T05:58:53Z,2023-10-21T05:58:53Z,True,1702183238,,
666,l.LcWWwyp,Ma Boy - Single,2023-02-15T08:07:07Z,2023-02-15T08:07:07Z,False,,,
668,l.LfW8uja,Spinnin - Single,2022-12-29T11:18:47Z,2022-12-29T11:18:47Z,True,1650647121,,
670,l.LnQVtTv,Dhundhala - Single,2023-01-19T08:19:13Z,2023-01-19T08:19:13Z,True,1711915297,,
671,l.LngXqzp,Maan Meri Jaan (Afterlife) - Single,2024-03-14T12:26:52Z,2024-03-14T12:26:52Z,True,1675016032,,
674,l.Lsw8YSf,Badnam - Single,2021-03-08T07:31:30Z,2021-03-08T07:31:30Z,True,1421702009,,
677,l.Lz6OpSi,Opus (Four Tet Remix) - Single,2021-06-05T17:48:05Z,2021-06-05T17:48:05Z,False,1444895708,,
678,l.M48MNh8,Rick & Morty - Single,2024-06-09T18:36:09Z,2024-06-09T18:36:09Z,True,1572515027,,
679,l.M7Agr7e,Bomb Bae (Tiësto Remix) [feat. Tiësto] - Single,2023-03-23T18:57:33Z,2023-03-23T18:57:33Z,True,1485408688,,
680,l.M7NxRls,Khoya (feat. Aseem) - Single,2023-07-18T01:21:22Z,2023-07-18T01:21:22Z,False,,,
682,l.MBy3zYg,Waiting for Tomorrow (feat. Mike Shinoda) - Single,2022-10-26T10:09:31Z,2022-10-26T10:09:31Z,True,1439173630,,
683,l.MDQc0Vs,Swalla (feat. Nicki Minaj & Ty Dolla $ign) - Single,2021-05-12T01:40:09Z,2021-05-12T01:40:09Z,True,1205574617,,
687,l.MNVzX0o,Enjoy - Single,2024-11-22T02:04:48Z,2024-11-22T02:04:48Z,True,1540066167,,
688,l.MNnfaOl,Follow You / Cutthroat - Single,2021-03-15T01:10:43Z,2021-03-15T01:10:43Z,True,1557714984,,
689,l.MOG0MuB,Green & Gold (feat. Charlotte Plank & Riko Dan) - Single,2024-07-22T02:18:20Z,2024-07-22T02:18:20Z,False,1731346217,,
691,l.MQnf3Qp,Next Up - S4-E2 - Single,2023-11-14T21:21:39Z,2023-11-14T21:21:39Z,True,1608974442,,
693,l.MRWWnI,Kahaani (Duet) [feat. Pavithra Chari] - Single,2021-05-29T18:40:45Z,2021-05-29T18:40:45Z,False,,,
695,l.MYITKCl,Losing Control - Single,2024-11-06T01:55:55Z,2024-11-06T01:55:55Z,True,1784003894,,
696,l.MeQcyez,Boom Boom - Single,2023-05-14T17:18:11Z,2023-05-14T17:18:11Z,False,1687631447,,
698,l.Mf3FZNw,Run It - Single,2021-09-18T09:07:52Z,2021-09-18T09:07:52Z,True,1580642523,,
699,l.MfRMhfs,Bas Kya Ba (feat. DIVINE) - Single,2021-11-13T22:27:10Z,2021-11-13T22:27:10Z,True,1513190892,,
701,l.Mu1MdDy,Hooked - Single,2024-12-14T01:09:23Z,2024-12-14T01:09:23Z,True,1482938346,,
702,l.Mvr28Sq,"Besharam Rang (From ""Pathaan"") - Single",2022-12-17T22:07:57Z,2022-12-17T22:07:57Z,True,1658280807,,
703,l.Mw9jo0y,DELUSIONAL - Single,2024-09-10T01:57:35Z,2024-09-10T01:57:35Z,True,1780102185,,
706,l.N3HlOTo,2 LIVE - Single,2023-02-15T08:07:07Z,2023-02-15T08:07:07Z,False,,,
707,l.N6usQa8,ALL RED - Single,2024-09-13T14:40:02Z,2024-09-13T14:40:02Z,True,1768194749,,
708,l.N9zXUpm,Fired Up - Single,2024-11-05T18:00:10Z,2024-11-05T18:00:10Z,True,1775568148,,
710,l.NDZyonq,My Friends (feat. Lil Durk) - Single,2023-10-17T09:40:30Z,2023-10-17T09:40:30Z,True,1647736849,,
713,l.NI6Qmfx,Matangi - Single,2022-07-01T22:18:13Z,2022-07-01T22:18:13Z,True,1667040838,,
715,l.NJg8Hvd,Insane - Single,2021-10-14T17:55:43Z,2021-10-14T17:55:43Z,True,1562346952,,
727,l.NatH0L7,Goosebumps (Remix) - Single,2021-03-27T21:11:54Z,2021-03-27T21:11:54Z,True,1549042591,,
728,l.NjxQWha,Your Love - Single,2021-04-22T21:46:48Z,2021-04-22T21:46:48Z,True,1394017240,,
730,l.Nxy02I9,Rumors (feat. Lil Durk) - Single,2023-02-15T08:07:07Z,2023-02-15T08:07:07Z,False,,,
732,l.NzYMfEo,Summertime Blues - Single,2024-07-07T03:47:14Z,2024-07-07T03:47:14Z,True,1741634636,,
734,l.O1diwRc,Hate Me - Single,2024-07-15T00:20:42Z,2024-07-15T00:20:42Z,True,1469521997,,
739,l.OCStp61,Girlfriend (feat. G-Eazy) - Single,2023-03-15T18:52:25Z,2023-03-15T18:52:25Z,True,1503796491,,
740,l.ODyIOid,Smile - Single,2022-01-13T03:04:29Z,2022-01-13T03:04:29Z,True,1526559733,,
742,l.OGoJNfC,42 - Single,2023-12-30T09:36:52Z,2023-12-30T09:36:52Z,True,1719190904,,
743,l.OHLduv2,Like A G6 (with Naeleck) - Single,2024-05-10T18:15:21Z,2024-05-10T18:15:21Z,True,1741569928,,
744,l.ONYPNTe,Shining On My Ex - Single,2023-08-07T01:48:57Z,2023-08-07T01:48:57Z,True,1484387336,,
747,l.OXD3Sqr,Murder In My Mind - Single,2023-07-08T05:03:19Z,2023-07-08T05:03:19Z,True,1604262711,,
750,l.Od7EI3n,Ya Think - Single,2024-08-02T02:33:40Z,2024-08-02T02:33:40Z,True,1512022253,,
754,l.Oly1tJ6,Blinding Lights - Single,2021-03-08T19:14:30Z,2021-03-08T19:14:30Z,True,1488408555,,
755,l.OmnbgFx,All for Us (From the HBO Original Series Euphoria) - Single,2022-03-01T07:21:16Z,2022-03-01T07:21:16Z,True,1474976988,,
756,l.Oq2lUng,FL.EX (Flow Experience) - Single,2021-06-05T17:48:05Z,2021-06-05T17:48:05Z,False,1457081248,,
758,l.OucxV4s,talking to the moon (orchestral edit) - Single,2023-06-23T18:41:10Z,2023-06-23T18:41:10Z,True,1655142733,,
759,l.Ov6t5ad,Harder (feat. Talay Riley) - Single,2021-06-12T10:44:40Z,2021-06-12T10:44:40Z,True,1504876085,,
763,l.P7CKQz1,KEH DO KI YE JHOOT HAI - Single,2024-09-10T04:23:40Z,2024-09-10T04:23:40Z,True,1764968991,,
765,l.PCjdwB7,Afsanay - Single,2023-02-01T02:56:25Z,2023-02-01T02:56:25Z,True,1622097541,,
767,l.PEqBPhl,Watch (feat. Lil Uzi Vert & Kanye West) - Single,2023-08-14T19:32:41Z,2023-08-14T19:32:41Z,True,1378632290,,
768,l.PHP1VOg,Guess featuring Billie Eilish - Single,2024-09-04T17:22:42Z,2024-09-04T17:22:42Z,True,1760420560,,
771,l.PNPivt5,We Are The Ones (FC24 Version) - Single,2023-11-13T02:39:57Z,2023-11-13T02:39:57Z,True,1715476369,,
773,l.PQG3sRx,Heeriye - Single,2023-09-15T17:31:28Z,2023-09-15T17:31:28Z,True,1690466350,,
778,l.PVLGn1m,Riot Gear - Single,2021-06-05T17:48:05Z,2021-06-05T17:48:05Z,False,1542844389,,
781,l.Padh6ze,MILLION DOLLAR BABY - Single,2024-07-06T20:38:34Z,2024-07-06T20:38:34Z,True,1749616853,,
784,l.PghI4fa,2 Phút Hơn (KAIZ Remix) - Single,2021-06-05T17:48:05Z,2021-06-05T17:48:05Z,False,1545181209,,
785,l.Ph0g3wt,Hillana - Single,2023-11-10T09:19:16Z,2023-11-10T09:19:16Z,True,1712079542,,
788,l.PoRiLdh,Mera Bhai - Single,2021-03-08T07:31:07Z,2021-03-08T07:31:07Z,True,1538119062,,
791,l.Pu33ipu,LADKE CONVICT - Single,2024-07-01T17:27:06Z,2024-07-01T17:27:06Z,True,1706971212,,
795,l.PzWD0e7,Down In Atlanta - Single,2023-06-29T19:21:07Z,2023-06-29T19:21:07Z,True,1649053307,,
796,l.Q0wdlto,Beta - Single,2023-11-01T06:35:30Z,2023-11-01T06:35:30Z,True,1347317230,,
797,l.Q1nVm2d,Sins (Of My Life) - Single,2024-11-25T19:06:56Z,2024-11-25T19:06:56Z,False,1740386634,,
798,l.Q5gPrvs,A Different Way (feat. Lauv) - Single,2023-11-01T06:59:20Z,2023-11-01T06:59:20Z,True,1444277947,,
800,l.QBuMrCw,Tum Jab Paas - Single,2021-07-02T09:58:01Z,2021-07-02T09:58:01Z,True,1230345866,,
803,l.QMpn5m1,Where You Are - Single,2023-08-14T06:42:45Z,2023-08-14T06:42:45Z,True,1673828877,,
805,l.QQ8RWRa,Wow. - Single,2021-07-12T23:29:13Z,2021-07-12T23:29:13Z,True,1447203905,,
809,l.QZTyubp,Carry Me Home (feat. Jake Reese) - Single,2023-05-14T18:20:30Z,2023-05-14T18:20:30Z,True,1393183186,,
810,l.QbGZjVq,Feel Something - Single,2023-12-14T08:43:21Z,2023-12-14T08:43:21Z,True,1504162843,,
816,l.QeqNhrk,New World (feat. Taylor Bennett) - Single,2025-04-19T03:11:29Z,2025-04-19T03:11:29Z,True,1282155751,,
818,l.QhnkqGl,All the Way Up (feat. Infared) - Single,2022-11-01T07:40:14Z,2022-11-01T07:40:14Z,False,1089053099,,
819,l.Qi0MHdp,Don't Speak - Single,2024-06-08T01:44:58Z,2024-06-08T01:44:58Z,True,1749169949,,
820,l.QkKVarb,Never Going Home Tonight (feat. Madison Love) - Single,2024-10-10T03:25:46Z,2024-10-10T03:25:46Z,True,1764331742,,
825,l.QpSGF2a,TRICKIN' - Single,2023-10-01T03:49:46Z,2023-10-01T03:49:46Z,True,1708393080,,
830,l.QylQpjf,jaana - Single,2023-07-26T16:15:38Z,2023-07-26T16:15:38Z,True,1671163470,,
831,l.Qz1MR7r,Samjho Na X Wishes x Tu Aake Dekh Le - Single,2024-06-01T02:32:59Z,2024-06-01T02:32:59Z,True,1747970235,,
832,l.Qzk1Dm9,Gallan Tipsiyaan - Single,2021-04-05T03:34:47Z,2021-04-05T03:34:47Z,True,1315585050,,
833,l.R0EJLPb,Pal Behta Jaaye - Single,2024-06-01T02:20:12Z,2024-06-01T02:20:12Z,True,1517822167,,
834,l.R1Vp7jk,Forget It - Single,2023-06-23T18:07:34Z,2023-06-23T18:07:34Z,True,1659092145,,
838,l.R9qWux4,Roses Remix (feat. Future) - Single,2022-06-09T19:00:30Z,2022-06-09T19:00:30Z,True,1712388991,,
840,l.RAHY51z,"41 CYPHER (feat. Jerry West, Jay Gelato, FMB Savo & Kyle Richh) - Single",2023-03-03T18:56:43Z,2023-03-03T18:56:43Z,True,1660034298,,
844,l.RI234jr,I Want It - Single,2024-11-06T01:52:39Z,2024-11-06T01:52:39Z,True,1531035084,,
845,l.RIkZyZ,Digital Daydream - Single,2024-11-05T17:29:43Z,2024-11-05T17:29:43Z,True,1773188280,,
846,l.RJFO0NB,Tyler Herro - Single,2021-07-07T17:45:25Z,2021-07-07T17:45:25Z,True,1536669423,,
848,l.RMdXq39,New Rules (Acoustic) - Single,2021-04-12T09:15:30Z,2021-04-12T09:15:30Z,True,1295360103,,
849,l.RO9qOlx,FRANCHISE (feat. Young Thug & M.I.A.) - Single,2021-12-20T20:35:11Z,2021-12-20T20:35:11Z,True,"1533186578,1532784708",,
850,l.RQPIp14,places to be (remixes) - Single,2024-07-30T15:07:33Z,2024-07-30T15:07:33Z,True,1758328235,,
852,l.RShM28t,Pew Pew! - Single,2021-11-26T11:27:57Z,2021-11-26T11:27:57Z,True,1728863187,,
854,l.RUNYivA,Push - Single,2024-05-24T05:29:59Z,2024-05-24T05:29:59Z,False,,,
857,l.RYQezgi,"Chogada (From ""Loveyatri"") - Single",2022-10-01T09:55:29Z,2022-10-01T09:55:29Z,False,1426251463,,
858,l.RaDGWXt,Cold Water (feat. Justin Bieber & MØ) - Single,2023-11-06T08:43:47Z,2023-11-06T08:43:47Z,False,1694794944,,
859,l.RascCxn,Pizza - Single,2021-03-10T07:16:00Z,2021-03-10T07:16:00Z,True,1272651881,,
860,l.RbjOhno,Sacrifice (feat. Kx5) - Single,2023-07-06T07:35:09Z,2023-07-06T07:35:09Z,True,1668737780,,
862,l.RiAbfNn,Sweet Caroline - Single,2022-11-11T15:53:56Z,2022-11-11T15:53:56Z,True,1650759426,,
863,l.RmQtOgw,Lemonade X Harleys In Hawai - Single,2023-08-05T02:05:07Z,2023-08-05T02:05:07Z,False,,,
864,l.RvBSBUd,Superlife - Single,2022-05-10T21:51:39Z,2022-05-10T21:51:39Z,True,1717080870,,
866,l.RznzXW,DJ Turn It Up - Single,2024-07-22T02:18:17Z,2024-07-22T02:18:17Z,False,1683585828,,
871,l.SBtqUSn,DRUP - Single,2024-07-08T00:55:51Z,2024-07-08T00:55:51Z,True,1447500080,,
873,l.SGGTMEb,Mama (feat. William Singe) [Acoustic] - Single,2021-03-10T07:20:28Z,2021-03-10T07:20:28Z,True,1444327701,,
875,l.SQi2oWk,seaside_demo - Single,2021-06-20T07:12:32Z,2021-06-20T07:12:32Z,False,1573856610,,
876,l.STqsU9z,Walk Thru Fire (feat. Meron Ryan) - Single,2024-06-23T03:52:24Z,2024-06-23T03:52:24Z,True,1413528436,,
882,l.SrltPA4,BADA - Single,2024-09-10T04:30:26Z,2024-09-10T04:30:26Z,True,1765527818,,
886,l.T2zkWfh,Wildcard (feat. Sidnie Tipton) - Single,2023-05-14T18:20:40Z,2023-05-14T18:20:40Z,True,1503742947,,
888,l.T6mdSp4,Bol Beta - Single,2021-11-26T11:00:46Z,2021-11-26T11:00:46Z,True,1529319602,,
892,l.TEZ8oLq,Oppenheimer (Techno Version) - Single,2024-10-20T23:17:35Z,2024-10-20T23:17:35Z,True,1705055745,,
893,l.TK74dQi,SMACK TALK - Single,2024-07-08T05:05:10Z,2024-07-08T05:05:10Z,True,1751314372,,
895,l.TTp6zdj,Tour Shit! - Single,2024-07-18T21:22:07Z,2024-07-18T21:22:07Z,True,1740258188,,
897,l.TWfNSw6,Memories (Remixes) - Single,2021-09-26T02:35:26Z,2021-09-26T02:35:26Z,False,,,
899,l.TXoUiWi,One Chance (feat. Marlhy) - Single,2023-07-20T06:07:49Z,2023-07-20T06:07:49Z,True,1711456743,,
900,l.TZhU9eg,Timeless - Single,2024-09-27T05:34:13Z,2024-09-27T05:34:13Z,True,1770380869,,
902,l.Te3RTL,Realise - Single,2024-07-22T02:18:17Z,2024-07-22T02:18:17Z,False,1659460448,,
903,l.ThO2jYf,I'm Just Feelin' (Du Du Du) - Single,2024-11-25T19:06:56Z,2024-11-25T19:06:56Z,False,1508578297,,
904,l.TlV8dr7,The Tron Anthem - Single,2024-04-21T14:11:03Z,2024-04-21T14:11:03Z,True,1739013661,,
906,l.TuLyBV,Ginza (feat. Alf4zi) - Single,2023-06-10T10:05:42Z,2023-06-10T10:05:42Z,False,,,
908,l.Tvd4raz,All of the Lights - Single,2023-07-06T08:30:30Z,2023-07-06T08:30:30Z,True,1664836069,,
911,l.TxPUqP,Memories - Single,2021-03-27T21:12:09Z,2021-03-27T21:12:09Z,True,1479600900,,
912,l.U1MrUIu,Strings Again - Single,2023-11-01T06:53:02Z,2023-11-01T06:53:02Z,True,1501548567,,
914,l.UDBfflb,MATTE GLOSS (feat. Rae Stones) [Manïn Remix] - Single,2024-07-01T17:26:34Z,2024-07-01T17:26:34Z,True,1543553021,,
918,l.UH2WmAo,WET - Single,2023-11-06T05:37:10Z,2023-11-06T05:37:10Z,True,1466711652,,
923,l.UTGAGQ3,"23 (feat. Miley Cyrus, Wiz Khalifa & Juicy J) - Single",2024-11-06T01:46:59Z,2024-11-06T01:46:59Z,True,1444899578,,
924,l.UXF5h62,4X4 - Single,2025-01-24T05:31:39Z,2025-01-24T05:31:39Z,True,1792323325,,
926,l.UaGhCht,destroyer of worlds - Single,2023-08-31T06:34:15Z,2023-08-31T06:34:15Z,True,1705729098,,
927,l.Ugexqro,Fiction - Single of the Week,2021-03-10T06:49:46Z,2021-03-10T06:49:46Z,False,,,
929,l.Um69mtc,Hot (Remix) [feat. Gunna and Travis Scott] - Single,2022-09-10T19:55:17Z,2022-09-10T19:55:17Z,False,1485793301,,
931,l.UqLKmU9,places to be - Single,2024-06-08T01:41:51Z,2024-06-08T01:41:51Z,True,1747373137,,
932,l.UspNOay,Ali Ali - Single,2023-07-27T08:01:15Z,2023-07-27T08:01:15Z,True,1687586005,,
935,l.UxsEW74,9:45 (Remix) - Single,2024-02-04T03:53:06Z,2024-02-04T03:53:06Z,True,1707414945,,
936,l.V0CATBb,F*ck Jump Up (feat. B Live) - Single,2024-07-22T02:18:17Z,2024-07-22T02:18:17Z,False,1672655912,,
937,l.V2TE3jf,Alag Aasmaan - Single,2021-03-31T21:23:48Z,2021-03-31T21:23:48Z,False,,,
940,l.V7LahGq,Gaah - Single,2023-02-24T21:40:56Z,2023-02-24T21:40:56Z,False,1693689987,,
943,l.VFlMjsn,"Doobey (From ""Gehraiyaan"") - Single",2024-08-17T19:26:21Z,2024-08-17T19:26:21Z,True,1604815953,,
944,l.VHnQQQv,No Hands (feat. Roscoe Dash & Wale) - Single,2021-06-12T16:07:07Z,2021-06-12T16:07:07Z,True,389062036,,
945,l.VILSV3o,I LUV IT - Single,2024-03-27T18:00:11Z,2024-03-27T18:00:11Z,True,1737886285,,
946,l.VL6M6bt,nadaaniyan - Single,2024-07-12T10:16:20Z,2024-07-12T10:16:20Z,True,1746969040,,
950,l.VX5e8bc,Danger (Reaper Remix) - Single,2024-07-22T02:18:20Z,2024-07-22T02:18:20Z,False,1736889991,,
951,l.VYTgupn,Eyes on Me - Single,2024-07-22T02:18:20Z,2024-07-22T02:18:20Z,False,1752493248,,
953,l.VahhUbq,TAKA - Single,2024-05-26T16:13:52Z,2024-05-26T16:13:52Z,True,1735625463,,
961,l.VpMBPN4,Frozen - Single,2023-02-15T08:07:07Z,2023-02-15T08:07:07Z,False,,,
965,l.VxiQeYs,More Than Gravity - Single,2021-08-06T06:45:19Z,2021-08-06T06:45:19Z,True,933216495,,
967,l.Vy9AY9A,On Wat U On - Single,2023-02-15T08:07:07Z,2023-02-15T08:07:07Z,False,,,
968,l.W0uK1Re,Parade - Single,2023-05-05T09:38:32Z,2023-05-05T09:38:32Z,True,1322672098,,
969,l.W1fJn26,Last One Standing - Single,2021-10-02T23:52:38Z,2021-10-02T23:52:38Z,True,1587792334,,
971,l.W8po3f4,family ties - Single,2022-07-29T20:17:24Z,2022-07-29T20:17:24Z,True,1581180940,,
974,l.WEedNJA,Supersonic (Basstripper Remix) - Single,2024-07-22T02:18:20Z,2024-07-22T02:18:20Z,False,1721510156,,
975,l.WKD3xMu,Mamacita (feat. Rich Homie Quan & Young Thug) - Single,2023-06-10T18:29:23Z,2023-06-10T18:29:23Z,True,940867797,,
978,l.WMEIby5,WAP (feat. Megan Thee Stallion) - Single,2021-07-04T00:13:34Z,2021-07-04T00:13:34Z,True,1526746980,,
979,l.WMmFeZi,Wait For You - Single,2023-02-21T08:59:09Z,2023-02-21T08:59:09Z,True,1804706263,,
980,l.WSWbIIw,Masterpiece - Single,2022-11-01T08:52:59Z,2022-11-01T08:52:59Z,False,1548548063,,
986,l.WbDFZej,Go Back (YDG Remix) [feat. Julia Church] - Single,2024-11-05T18:05:49Z,2024-11-05T18:05:49Z,True,1771956409,,
989,l.Wg3Y0vA,Savage (Major Lazer Remix) - Single,2023-03-15T18:53:13Z,2023-03-15T18:53:13Z,True,1508606264,,
990,l.WmduwEA,"Mirchi (feat. MC Altaf, Stylo G & Phenom) - Single",2021-03-08T19:25:42Z,2021-03-08T19:25:42Z,True,1535314469,,
991,l.WnS5Lqe,Bounce (feat. Snoop Dogg) - Single,2022-11-12T18:58:45Z,2022-11-12T18:58:45Z,True,1437527365,,
994,l.WtKYRMs,Brown Munde - Single,2021-03-27T21:11:32Z,2021-03-27T21:11:32Z,True,1531596344,,
995,l.WvwDIVq,Waiting for the End - Single,2024-10-12T03:22:27Z,2024-10-12T03:22:27Z,True,393798637,,
999,l.X08oC2a,Summertime Sadness (Imanbek Remix) - Single,2023-07-12T23:56:14Z,2023-07-12T23:56:14Z,True,1594844052,,
1001,l.X1R1s51,On n On (Drum n Bass) - Single,2024-03-06T14:20:34Z,2024-03-06T14:20:34Z,True,1734241301,,
1002,l.X1x4Ujb,Kranti - Single,2021-05-24T21:34:11Z,2021-05-24T21:34:11Z,True,1804727444,,
1007,l.XFt4Soc,NUMB - Single,2024-08-21T07:47:02Z,2024-08-21T07:47:02Z,True,1744122973,,
1010,l.XKgzd3p,Hero - Single,2022-12-13T19:24:41Z,2022-12-13T19:24:41Z,True,1655387808,,
1013,l.XPIVAKl,Mgk - Single,2022-10-01T12:59:10Z,2022-10-01T12:59:10Z,True,1528084971,,
1014,l.XcN6Ep7,Lately - Single,2023-02-15T08:07:07Z,2023-02-15T08:07:07Z,False,,,
1019,l.XzH7z5C,All My Life - Single,2023-10-05T01:06:56Z,2023-10-05T01:06:56Z,True,1691570833,,
1020,l.XzS5nmd,Memory - Single,2021-07-13T01:30:23Z,2021-07-13T01:30:23Z,True,1574209503,,
1021,l.XzwNyNq,Kahaani - Single,2021-04-03T20:33:00Z,2021-04-03T20:33:00Z,False,,,
1022,l.Y0aAjyr,The Hum - Single,2022-11-01T21:24:06Z,2022-11-01T21:24:06Z,True,990632718,,
1023,l.Y5CoT0s,euphoria - Single,2024-04-30T19:53:31Z,2024-04-30T19:53:31Z,True,1744024729,,
1025,l.Y8g75g7,All I Know - Single,2025-04-18T17:50:35Z,2025-04-18T17:50:35Z,True,1802928408,,
1029,l.YFSdk39,Hand Up (Bass Boosted) - Single,2023-07-20T06:17:58Z,2023-07-20T06:17:58Z,True,1769693381,,
1030,l.YGcFoel,"Welcome to the Party (feat. Zhavia Ward) [From the ""Deadpool 2"" Original Motion Picture Soundtrack] - Single",2023-03-09T21:09:09Z,2023-03-09T21:09:09Z,True,1382408095,,
1031,l.YGgNrM3,Father Ocean - Single,2023-11-03T22:37:40Z,2023-11-03T22:37:40Z,True,1441667866,,
1035,l.YLUIb6i,Too Bizarre - Single,2023-09-20T20:19:20Z,2023-09-20T20:19:20Z,True,1567023386,,
1036,l.YM2KYeq,Haan Pyaar Hai - Single,2021-03-29T02:36:18Z,2021-03-29T02:36:18Z,True,1710461078,,
1037,l.YRnuxEh,Aurora - Single,2025-04-03T20:28:12Z,2025-04-03T20:28:12Z,True,1103026650,,
1039,l.YT2U8pg,Waqt Ki Baatein - Single,2021-05-02T05:49:47Z,2021-05-02T05:49:47Z,True,1606449471,,
1044,l.YVsUZj5,Blessing - Single,2023-02-15T08:07:07Z,2023-02-15T08:07:07Z,False,,,
1048,l.YmtLGYk,Woh Raat - Single,2023-06-30T20:44:49Z,2023-06-30T20:44:49Z,True,1622374495,,
1049,l.YojtwKg,Tell Me Where You Wanna Go - Single,2023-11-16T02:17:54Z,2023-11-16T02:17:54Z,True,1683205476,,
1050,l.YqKFT4,Summer Days (feat. Macklemore & Patrick Stump) - Single,2021-03-01T00:14:00Z,2021-03-01T00:14:00Z,True,1460655319,,
1055,l.ZEyqyOz,Forever Yours (Tim’s 2016 Ibiza Version) - Single,2025-02-26T05:57:59Z,2025-02-26T05:57:59Z,True,1793111891,,
1059,l.ZJKx0y8,Saajna - Single,2023-11-15T02:48:55Z,2023-11-15T02:48:55Z,True,1706871153,,
1060,l.ZP6ufSa,K-POP - Single,2023-07-21T22:39:23Z,2023-07-21T22:39:23Z,False,,,
1061,l.ZUPn7Gg,RATATAAAAA - Single,2023-02-15T08:07:07Z,2023-02-15T08:07:07Z,False,,,
1063,l.ZYJZb7t,Weightless - Single,2025-04-11T18:42:41Z,2025-04-11T18:42:41Z,True,1804938033,,
1066,l.ZcY8Nds,Only One - Single,2025-04-18T17:49:23Z,2025-04-18T17:49:23Z,True,1801764668,,
1067,l.ZhSIZYe,Lazer Love (feat. Francisca Hall) - Single,2023-03-17T10:58:30Z,2023-03-17T10:58:30Z,True,1345502953,,
1069,l.Zk5ZE3t,Together - Single,2023-11-04T23:36:57Z,2023-11-04T23:36:57Z,True,1537624591,,
1072,l.ZmqIZri,Loco Contigo (feat. Tyga) - Single,2021-04-23T07:39:34Z,2021-04-23T07:39:34Z,True,1466700223,,
1074,l.ZtXEVy6,Way Back - Single,2023-03-04T01:30:34Z,2023-03-03T19:14:51Z,False,,,
1075,l.a1DEgvf,Thousand Sides - Single,2024-10-07T19:01:39Z,2024-10-07T19:01:39Z,True,1746556107,,
1077,l.a38sVYv,Phat Brahms (Coone Remix 2.0) - Single,2023-04-13T19:42:01Z,2023-04-13T19:42:01Z,True,1660212810,,
1078,l.a4CV0Nb,Body (Dzeko Remix) - Single,2021-06-05T17:48:05Z,2021-06-05T17:48:05Z,False,1433856773,,
1079,l.a7LooV3,"Baddadan (feat. IRah, Flowdan, Trigga & Takura) - Single",2024-07-22T02:18:17Z,2024-07-22T02:18:17Z,False,1698551194,,
1082,l.aGatQDA,Belong To Me - Single,2024-11-05T18:15:07Z,2024-11-05T18:15:07Z,True,1753193444,,
1083,l.aIDJeg9,blue - Single,2025-02-21T04:20:15Z,2025-02-21T04:20:15Z,True,1776246883,,
1085,l.aN5ZpLa,Bombalaya (Blooom Remix) - Single,2024-10-07T21:59:42Z,2024-10-07T21:59:42Z,True,1742101334,,
1086,l.aRAMv4p,"Elliot's Song (From ""Euphoria"" An HBO Original Series) - Single",2022-03-10T00:56:31Z,2022-03-10T00:56:31Z,True,1612296489,,
1089,l.aYeHkb6,Mask Off (Remix) [feat. Kendrick Lamar] - Single,2021-06-06T22:17:44Z,2021-06-06T22:17:44Z,True,1239615756,,
1091,l.abST847,Get Up (Rattle) [feat. Far East Movement] - Single,2022-09-13T21:32:39Z,2022-09-13T21:32:39Z,False,1353435894,,
1093,l.acd29Iq,Thinking About You (feat. Jay Sean) - Single,2024-03-19T03:55:16Z,2024-03-19T03:55:16Z,True,1164030237,,
1097,l.akO0IEr,IDGAF - Single,2025-02-26T05:57:41Z,2025-02-26T05:57:41Z,True,1790773339,,
1099,l.arQGYWz,Save Your Tears (Remix) - Single,2021-06-18T23:25:52Z,2021-06-18T23:25:52Z,True,1563812774,,
1103,l.azRnpJy,The Last Ride - Single,2023-02-22T01:39:08Z,2023-02-22T01:39:08Z,False,,,
1104,l.b1wq052,Words - Single,2022-10-26T19:56:02Z,2022-10-26T19:56:02Z,True,1619033003,,
1105,l.b3X7V13,"Let's Ride (Trailer Anthem) [feat. Lambo4oe, Ty Dolla $ign & Bone Thugs-N-Harmony] - Single",2023-05-20T04:39:29Z,2023-05-20T04:39:29Z,False,,,
1106,l.bAQuK6z,Khaleesi - Single,2022-11-01T21:18:48Z,2022-11-01T21:18:48Z,True,1474031892,,
1107,l.bAxsfjz,My wrist - Single,2023-10-17T09:35:45Z,2023-10-17T09:35:45Z,True,1689151513,,
1114,l.bGhG6Bb,Midnight Hour - Single,2024-09-25T01:47:53Z,2024-09-25T01:47:53Z,True,1473974633,,
1118,l.bJh3g1r,Tie Me Down - Single,2021-06-09T21:50:11Z,2021-06-09T21:50:11Z,True,1419563235,,
1121,l.bKPOQJB,Cool Like That (feat. Bobby Shmurda) - Single,2024-11-06T19:14:16Z,2024-11-06T19:14:16Z,True,1759788096,,
1122,l.bLnSMZi,Empress (Zeds Dead Remix) - Single,2023-03-28T08:57:19Z,2023-03-28T08:57:19Z,True,1676549638,,
1124,l.bNvhYXd,"Ring Ring (feat. Travis Scott, Don Toliver, Quavo & Ty Dolla $ign) [Chopped Not Slopped] - Single",2023-10-17T09:38:03Z,2023-10-17T09:38:03Z,False,,,
1129,l.bS3lMme,Legends Never Die (feat. Britt) - Single,2025-04-18T19:34:00Z,2025-04-18T19:34:00Z,True,1755939708,,
1135,l.bjpDNOf,Friendships - Single,2021-06-05T17:48:05Z,2021-06-05T17:48:05Z,False,1615835789,,
1137,l.bnMPAct,Blue Monday (feat. JD Davis) [Sped Up] - Single,2023-10-19T02:21:30Z,2023-10-19T02:21:30Z,True,1694477770,,
1138,l.bpTNzLd,Tu hai kahan - Single,2024-06-22T23:50:23Z,2024-06-22T23:50:23Z,True,1712068010,,
1142,l.c2heSx7,Turn On The Lights again.. (feat. Future) [Remixes] - Single,2023-10-17T19:28:16Z,2023-10-17T19:28:16Z,True,1671631547,,
1149,l.cH1X0jr,True Love - Single,2024-12-10T18:17:15Z,2024-12-10T18:17:15Z,True,1624802944,,
1152,l.cMFNdej,Notes From Therapy - Single,2024-01-04T06:17:40Z,2024-01-04T06:17:40Z,True,1612030551,,
1153,l.cO2PbXk,"Dil Beparvah (feat. Dhruv Bhola & Nikhil Vasudevan) [The Dewarists, Season 5] - Single",2021-07-02T09:58:06Z,2021-07-02T09:58:06Z,True,1205508278,,
1155,l.cPpOr4x,ILMB (feat. Travis Scott) - Single,2025-04-19T15:54:22Z,2025-04-19T15:54:22Z,True,1807627548,,
1157,l.cTPb0vf,Killshot - Single,2022-10-01T13:06:07Z,2022-10-01T13:06:07Z,True,1436563803,,
1159,l.cWVevHB,11K - Single,2023-02-24T21:53:58Z,2023-02-24T21:53:58Z,False,,,
1160,l.cYASkSg,Muskurahat - Single,2023-09-09T19:00:00Z,2023-09-09T19:00:00Z,True,1631084451,,
1162,l.cena1Ly,Khamoshiyaan - Single,2024-07-30T15:19:58Z,2024-07-30T15:19:58Z,False,,,
1163,l.cjVjtuC,All My Life (Lucas & Steve Edit) - Single,2022-11-23T17:36:51Z,2022-11-23T17:36:51Z,True,1498225202,,
1164,l.ckERFld,King Snipe - Single,2023-02-15T08:07:07Z,2023-02-15T08:07:07Z,False,,,
1172,l.d1lRL1j,Levitating (feat. DaBaby) - Single,2021-03-27T21:11:27Z,2021-03-27T21:11:27Z,True,1532788351,,
1173,l.d2Jrbce,Khudi - Single,2021-03-26T01:48:20Z,2021-03-26T01:48:20Z,False,,,
1177,l.d5lu7gl,These Are the Times (feat. JRM) - Single,2022-10-26T20:31:04Z,2022-10-26T20:31:04Z,True,1472727606,,
1178,l.d7gQYta,Body (feat. brando) - Single,2021-04-16T23:04:05Z,2021-04-16T23:04:05Z,True,"1413832965,1296233038",,
1183,l.dBfMJ8w,Gorah - Single,2025-02-26T01:15:05Z,2025-02-26T01:15:05Z,True,1712725935,,
1184,l.dFMx9fn,Receipts (feat. Gunna) - Single,2024-08-24T05:38:11Z,2024-08-24T05:38:11Z,True,1762909518,,
1188,l.dIqJpch,Silence (feat. Khalid) - Single,2023-07-02T01:19:30Z,2023-07-02T01:19:30Z,False,,,
1190,l.dK7MgNy,Ocean - Single,2021-05-02T05:54:26Z,2021-05-02T05:54:26Z,True,1710156831,,
1191,l.dN1gx6l,Haath Varthi - Single,2023-05-14T17:20:38Z,2023-05-14T17:20:38Z,True,1685804257,,
1192,l.dPSqBF5,Dhalti Rahe - Single,2024-06-22T01:03:14Z,2024-06-22T01:03:14Z,True,1710801423,,
1194,l.dRMo3Ed,Selecta (feat. Stefflon Don) - Single,2024-07-22T02:18:17Z,2024-07-22T02:18:17Z,False,1714820829,,
1195,l.dRbelY7,Black Sheep - Single,2024-11-05T18:02:06Z,2024-11-05T18:02:06Z,True,1766821398,,
1202,l.dfEz5ZB,Get Away - Single,2023-08-11T02:26:45Z,2023-08-11T02:26:45Z,True,1555251265,,
1203,l.dfOLvuz,Beethoven - Single,2023-08-07T01:38:17Z,2023-08-07T01:38:17Z,True,1583584533,,
1204,l.dgLx6Il,Mann Dhaaga - Single,2024-03-07T04:20:05Z,2024-03-07T04:20:05Z,True,1732750740,,
1206,l.di4lA1n,WE PRAY (TWICE Version) - Single,2025-04-18T18:00:59Z,2025-04-18T18:00:59Z,True,1807106199,,
1207,l.djB8dau,Hero - Single,2021-09-18T09:08:28Z,2021-09-18T09:08:28Z,True,1561994821,,
1208,l.dpGiGaa,Word to the Wise the Files - Single,2023-08-17T05:40:11Z,2023-08-17T05:40:11Z,True,1707079023,,
1212,l.dve1KVp,Bless - Single,2024-04-17T17:57:25Z,2024-04-17T17:57:25Z,True,1739643506,,
1216,l.e6WPl42,Power - Single,2024-07-22T02:18:20Z,2024-07-22T02:18:20Z,False,1692683980,,
1217,l.e8O3aY4,Lemonade (Remix) [Extended Edition] - Single,2023-11-29T14:44:51Z,2023-11-29T14:44:51Z,False,1712533183,,
1218,l.e93pps7,Feedback - Single,2022-08-30T17:15:54Z,2022-08-30T17:15:54Z,True,1439595608,,
1219,l.eC52KD4,JOC IN '06 - Single,2023-02-15T08:07:07Z,2023-02-15T08:07:07Z,False,,,
1220,l.eFFfGel,101 - Single,2021-04-27T02:00:17Z,2021-04-27T02:00:17Z,True,1804727521,,
1222,l.eKFkbFA,Right On - Single,2023-02-15T08:07:07Z,2023-02-15T08:07:07Z,False,,,
1223,l.eLK6KIk,Perfect (Acoustic) - Single,2021-03-08T07:31:29Z,2021-03-08T07:31:29Z,True,1305185449,,
1224,l.eLolnGh,Dariya - Single,2025-05-03T03:40:53Z,2025-05-03T03:40:53Z,True,1582623717,,
1225,l.eOipTjb,Dance No More - Single,2023-09-05T19:51:53Z,2023-09-05T19:51:53Z,False,,,
1226,l.eSPGrBe,Life's a Mess II - Single,2025-04-19T23:07:56Z,2025-04-19T23:07:56Z,True,1556492776,,
1227,l.eSR3oUA,Qismat - Single (feat. Sargun Mehta) - Single,2023-07-28T04:32:43Z,2023-07-28T04:32:43Z,True,1418051669,,
1234,l.eeXrlo5,Bad Boy (feat. Luana Kiara) - Single,2023-05-20T23:18:46Z,2023-05-20T23:18:46Z,True,1423077959,,
1236,l.ehO23z6,Smile (feat. Carolina Liar) - Single,2024-07-19T16:25:07Z,2024-07-19T16:25:07Z,True,1752905010,,
1237,l.ejErlv5,"Samjhawan (Unplugged by Alia Bhatt) [From ""Humpty Sharma Ki Dulhania""] - Single",2025-02-16T11:23:59Z,2025-02-16T11:23:59Z,False,895407623,,
1238,l.ek7vmd7,Broke In A Minute - Single,2023-05-08T21:23:44Z,2023-05-08T21:23:44Z,True,1497200239,,
1239,l.ekc2gNs,Kaanch Ke Ghar - Single,2024-06-30T00:57:48Z,2024-06-30T00:57:48Z,False,,,
1240,l.epFbBWf,This One's for You (feat. Zara Larsson) [Official Song UEFA EURO 2016™] - Single,2022-11-18T18:42:54Z,2022-11-18T18:42:54Z,True,1066241610,,
1243,l.evzJZym,Humble Rap (Freeverse) [feat. DRJ Sohail] - Single,2021-11-26T16:51:51Z,2021-11-26T16:51:51Z,True,1573878385,,
1244,l.ewg8URA,The Hills (RL Grime Remix) - Single,2023-05-24T18:51:21Z,2023-05-24T18:51:21Z,True,1445022960,,
1245,l.f343Ygc,"Malang (Title Track) [From ""Malang - Unleash the Madness""] - Single",2021-03-27T21:12:29Z,2021-03-27T21:12:29Z,True,1495050150,,
1247,l.f59hncu,Ginza - Single,2023-06-10T10:05:42Z,2023-06-10T10:05:42Z,True,1764264862,,
1249,l.f5mlfx1,Aam Gotu Tem Gotu (feat. Hariom Gadhavi) - Single,2023-10-31T22:46:56Z,2023-10-31T22:46:56Z,True,1628730495,,
1250,l.fA2O3st,Final Song - Single,2021-04-24T05:26:54Z,2021-04-24T05:26:54Z,True,1108480941,,
1254,l.fE7YXK8,Gujarati Bapu - Single,2023-02-24T21:38:53Z,2023-02-24T21:37:10Z,True,1585101781,,
1256,l.fMVA78u,Blue (Da Ba Dee) - Single,2023-07-26T14:44:15Z,2023-07-26T14:44:15Z,True,257424513,,
1261,l.fdvN7Rz,"WHATS POPPIN (Remix) [feat. DaBaby, Tory Lanez & Lil Wayne] - Single",2021-09-25T07:37:50Z,2021-09-25T07:37:50Z,True,1519349212,,
1263,l.ffzd4ah,All Night - Single,2024-02-09T22:07:07Z,2024-02-09T22:07:07Z,True,1725540559,,
1265,l.fuv53Y1,Dr. Stone - Single,2023-05-26T01:09:23Z,2023-05-26T01:09:23Z,True,1477475646,,
1268,l.fz9qkDp,Wherever You Are (feat. Shaun Farrugia) - Single,2024-06-08T01:46:32Z,2024-06-08T01:46:32Z,True,1746679585,,
1269,l.g1b2qlv,Chase the Sun - Single,2024-07-22T02:18:17Z,2024-07-22T02:18:17Z,False,1694739907,,
1270,l.g4DWzW1,Trap (feat. Lil Baby) - Single,2023-08-11T21:33:31Z,2023-08-11T21:33:31Z,True,1712878315,,
1273,l.g8Xj3w,Here With Me (feat. CHVRCHES) - Single,2022-10-20T08:26:25Z,2022-10-20T08:26:25Z,True,1776903150,,
1274,l.gAV4aae,Dreamer - Single,2024-11-25T19:06:56Z,2024-11-25T19:06:56Z,False,1445010871,,
1276,l.gD0ljMf,I Found You (feat. HAYLA) - Single,2024-07-22T02:18:17Z,2024-07-22T02:18:17Z,False,1686588002,,
1277,l.gEgJsKl,Never B Mine - Single,2024-07-22T02:18:17Z,2024-07-22T02:18:17Z,False,1698288038,,
1280,l.gK9uHet,Watch This (ARIZONATEARS Pluggnb Remix) [Slowed Down Version] - Single,2023-05-20T06:31:45Z,2023-05-20T06:31:45Z,True,1680214931,,
1286,l.gWSvx1u,THE SCOTTS - Single,2022-04-11T06:22:11Z,2022-04-11T06:22:11Z,True,1509730426,,
1287,l.gbRJ5OA,I Can’t Wait (feat. Poppy Baskcomb) - Single,2024-09-25T01:48:42Z,2024-09-25T01:48:42Z,True,1655166004,,
1289,l.gdR5FIe,One Three Nine (feat. Scrufizzer) - Single,2023-10-02T00:55:13Z,2023-10-02T00:55:13Z,True,1691425056,,
1290,l.geztqkr,Bum Bum Tam Tam - Single,2024-11-25T19:06:56Z,2024-11-25T19:06:56Z,False,1444601271,,
1292,l.gjn5q45,Rich Love - Single,2024-02-12T06:17:30Z,2024-02-12T06:17:30Z,True,1444271252,,
1294,l.gmxzV5f,Euro$tep - Single,2023-10-17T09:21:15Z,2023-10-17T09:21:15Z,True,1652517764,,
1301,l.h1bGbT8,Taylor Made Freestyle - Single,2024-04-20T16:01:51Z,2024-04-20T16:06:18Z,True,1,,
1307,l.h3nyVbp,Badders - Single,2024-10-13T15:45:04Z,2024-10-13T15:45:04Z,True,1702913636,,
1309,l.h8iTovb,Pepper - Single,2023-10-17T18:26:34Z,2023-10-17T18:26:34Z,True,1710899020,,
1310,l.h90i2pb,CoCo - Single,2022-09-22T06:12:24Z,2022-09-22T06:12:24Z,True,928844228,,
1312,l.hD9rekw,"Jhumritalaiyya (From ""Jagga Jasoos"") - Single",2025-03-15T03:27:15Z,2025-03-15T03:27:15Z,False,1253425139,,
1313,l.hDwfFY5,Better Off - Single,2025-04-19T05:36:38Z,2025-04-19T05:36:38Z,True,1750726408,,
1314,l.hFmqhFo,Paint The Town Red - Single,2024-01-21T18:26:14Z,2024-01-21T18:26:14Z,True,1699830841,,
1319,l.hNV3BDl,Dare You (feat. Matthew Koma) - Single,2021-06-17T06:57:00Z,2021-06-17T06:57:00Z,False,,,
1321,l.hQO8dL3,Same Beef - Single,2021-07-30T02:02:34Z,2021-07-30T02:02:34Z,True,1477018498,,
1322,l.hSzHbFi,Quarantine (feat. KR$NA) - Single,2022-01-10T23:31:57Z,2022-01-10T23:31:57Z,True,1622240954,,
1324,l.hVmgsf7,High on Love (feat. Anne Gudrun) - Single,2024-07-08T06:34:12Z,2024-07-08T06:34:12Z,True,1749163111,,
1326,l.hfxnLto,Pagol Slowed Reverb - Single,2023-06-16T05:38:51Z,2023-06-16T05:38:51Z,False,,,
1332,l.hqGXt7w,A$aP Rocky (Praise the Lord (Da Shine)) [Tsunam1_ Remix] - Single,2023-07-12T21:04:51Z,2023-07-12T21:04:51Z,False,1657300069,,
1333,l.hqvLQ08,I Sip - Single,2024-08-02T05:13:53Z,2024-08-02T05:13:53Z,True,1444892359,,
1334,l.hvdpER3,It's Saturday - Single,2024-09-22T23:22:00Z,2024-09-22T23:22:00Z,True,1740157794,,
1335,l.hwsHup8,Dankstar* - Single,2023-07-20T06:32:24Z,2023-07-20T06:32:24Z,True,1697819401,,
1341,l.i0nhnht,HUMBLE. (SKRILLEX REMIX) - Single,2022-09-22T08:00:12Z,2022-09-22T08:00:12Z,True,1445302862,,
1342,l.i1svFBh,For a Better Day (KSHMR Remix) - Single,2022-09-22T07:25:30Z,2022-09-22T07:25:30Z,True,1445152277,,
1343,l.i1zRdf7,Players - Single,2023-02-15T08:07:07Z,2023-02-15T08:07:07Z,False,,,
1345,l.i3AK0iy,Samjho Na X Wishes - Single,2024-06-01T02:32:59Z,2024-06-01T02:32:59Z,False,,,
1352,l.iVavfHi,Distraction - Single,2023-02-15T08:07:07Z,2023-02-15T08:07:07Z,False,,,
1353,l.iYp6yMa,Where I'm From - Single,2023-12-30T09:05:39Z,2023-12-30T09:05:39Z,True,1718186063,,
1354,l.ic1jQu1,Affection - Single,2021-06-16T07:31:36Z,2021-06-16T07:31:36Z,True,1266085857,,
1355,l.ieyEdpa,Jamnapaar - Single,2025-02-25T20:42:59Z,2025-02-25T20:42:59Z,True,1456251210,,
1358,l.j1DU5Y3,Oi Oi - Single,2023-12-30T09:32:03Z,2023-12-30T09:32:03Z,True,1714356979,,
1359,l.j1eDFU2,Easy On Me - Single,2025-04-18T19:36:11Z,2025-04-18T19:36:11Z,True,1755938917,,
1364,l.jKK20Hg,Do It Again (feat. Summer Cem) - Single,2023-02-15T08:07:07Z,2023-02-15T08:07:07Z,False,,,
1368,l.jSISbR1,Joint in the Booth - Single,2023-07-19T19:53:40Z,2023-07-19T19:53:40Z,True,1697278627,,
1369,l.jUPnRvw,Vegas Girl - Single,2024-06-28T01:22:16Z,2024-06-28T01:22:16Z,True,693546542,,
1372,l.jZTHJ8C,Danza Kuduro (Remix) - Single,2024-11-28T00:13:14Z,2024-11-28T00:13:14Z,True,1767741575,,
1375,l.jbTFJOd,Feelings - Single,2021-06-05T17:48:05Z,2021-06-05T17:48:05Z,False,1520630067,,
1377,l.jdKqwcn,My Head & My Heart (Jonas Blue Remix) - Single,2023-07-12T23:52:54Z,2023-07-12T23:52:54Z,True,1543480648,,
1378,l.jdkqUV4,Try Again - Single,2025-04-18T18:07:26Z,2025-04-18T18:07:26Z,True,1800601633,,
1381,l.jfVFlCo,Mera Safar - Single,2025-03-24T18:26:01Z,2025-03-24T18:26:01Z,True,1642924401,,
1386,l.jmeIHsA,Sweat (Snoop Dogg vs. David Guetta) [Remix] - Single,2022-09-13T21:39:16Z,2022-09-13T21:39:16Z,False,715949957,,
1387,l.jodbgpb,Let Me Down Slowly - Single,2023-07-13T00:58:37Z,2023-07-13T00:58:37Z,False,,,
1389,l.jrvl77f,"Pyar Diwana Hota Hai (From ""Kati Patang"") [Synthwave] - Single",2023-08-01T09:08:50Z,2023-08-01T09:08:50Z,False,,,
1390,l.jxACVIB,Inhuman - Single,2024-09-27T04:40:51Z,2024-09-27T04:40:51Z,True,1644951466,,
1394,l.k9Z30Wf,dashstar* (VIP) - Single,2023-04-20T09:52:42Z,2023-04-20T09:52:42Z,False,,,
1397,l.kDjunP7,Turn On The Lights again.. (feat. Future) - Single,2023-03-03T19:09:07Z,2023-03-03T19:09:07Z,True,1635570225,,
1401,l.kPou9S6,Love Tonight (David Guetta Remix) - Single,2022-05-13T23:50:25Z,2022-05-13T23:50:25Z,True,1570383648,,
1404,l.kRXkHzf,Mehrbaan - Single (feat. Hasan Raheem) - Single,2024-06-23T06:18:37Z,2024-06-23T06:18:37Z,True,1752490293,,
1407,l.kj8zU1x,I Don't Wanna Wait - Single,2024-05-21T15:53:14Z,2024-05-21T15:53:14Z,True,1737218555,,
1411,l.kqIOb1u,Click Clack - Single,2024-07-22T02:18:20Z,2024-07-22T02:18:20Z,False,1640694247,,
1413,l.kr0m8KA,RWEOK? - Single,2024-09-13T04:07:49Z,2024-09-13T04:07:49Z,True,1697321218,,
1414,l.krZlX2u,Ain't No Way 2024 - Single,2024-07-22T02:18:20Z,2024-07-22T02:18:20Z,False,1760799835,,
1416,l.ktKaQk1,Million Voices - Single,2024-06-23T03:58:16Z,2024-06-23T03:58:16Z,True,1444322030,,
1417,l.kuOZDr7,Elevated - Single,2023-02-22T01:31:51Z,2023-02-22T01:31:51Z,False,,,
1418,l.kvHBbQc,Din Aur Raatein - Single,2024-06-21T23:08:18Z,2024-06-21T23:08:18Z,True,1518538876,,
1419,l.kvMb6Hl,Mehroom - Single,2024-11-15T13:40:23Z,2024-11-15T13:40:23Z,True,1572481343,,
1420,l.kzXKVtn,Blueberry Faygo - Single,2024-10-08T04:42:03Z,2024-10-08T04:42:03Z,True,1497586730,,
1424,l.l6sZVhc,Samjho Na - Single,2023-11-03T03:56:05Z,2023-11-03T03:56:05Z,True,1609282579,,
1427,l.lAIepcg,Bhussi - Single,2023-06-30T06:35:38Z,2023-06-30T06:35:38Z,True,1692925117,,
1428,l.lASZ9l5,Higher Power (Acoustic Version) - Single,2021-07-22T23:03:11Z,2021-07-22T23:03:11Z,True,1571158598,,
1429,l.lAwb2QA,Money Showers - Single,2025-01-31T06:40:44Z,2025-01-31T06:40:44Z,True,1786242586,,
1431,l.lGJDPLu,Delete / Big Man Skank (VIP) - Single,2024-07-22T02:18:17Z,2024-07-22T02:18:17Z,False,1441636027,,
1436,l.lQnQQfj,MONTERO (Call Me By Your Name) - Single,2023-07-12T21:06:56Z,2023-07-12T21:06:56Z,False,,,
1437,l.lSOuvc5,Rolex (Steve Aoki Remix) - Single,2022-05-21T07:08:06Z,2022-05-21T07:08:06Z,True,1263329881,,
1438,l.lTSSPCw,dashstar* (Yellow Claw Trap Edit) - Single,2023-03-27T18:55:13Z,2023-03-27T18:55:13Z,True,1659160133,,
1441,l.lWOTKp3,Lehenga - Single,2023-03-29T21:26:42Z,2023-03-29T21:26:42Z,True,1660986435,,
1446,l.ldDK2r7,0 To 100 / The Catch Up - Single,2022-03-07T22:39:08Z,2022-03-07T22:39:08Z,False,,,
1449,l.lhusYvv,World Cup - Single,2023-07-19T20:26:59Z,2023-07-19T20:26:59Z,False,,,
1451,l.liIoBi,Humans - Single,2025-03-18T04:34:55Z,2025-03-18T04:34:55Z,True,1797810407,,
1454,l.lm2sH65,Thank You God (feat. David Arkwright) - Single,2025-04-19T03:05:52Z,2025-04-19T03:05:52Z,True,1735692264,,
1456,l.lvcUM1B,Lovin On Me - Single,2023-11-11T00:39:28Z,2023-11-11T00:39:28Z,True,1715277427,,
1458,l.lynEC6m,Losing It - Single,2023-11-04T23:49:11Z,2023-11-04T23:49:11Z,True,1408454984,,
1460,l.m0UyHG7,Nasty - Single,2024-07-11T15:25:56Z,2024-07-11T15:25:56Z,False,,,
1461,l.m0q6ym,Piya (Tere Alava 2.0) - Single,2025-05-03T05:57:37Z,2025-05-03T05:57:37Z,True,1703487809,,
1468,l.mAVEzSs,Bad Bae - Single,2023-09-06T21:28:33Z,2023-09-06T21:28:33Z,True,1069625934,,
1471,l.mH0RSh4,Yonaguni - Single,2021-06-05T17:48:05Z,2021-06-05T17:48:05Z,False,1570323047,,
1473,l.mImWAt,Then Leave (feat. Queendome Come) - Single,2021-06-05T17:48:05Z,2021-06-05T17:48:05Z,False,1519339464,,
1474,l.mJHypJg,Paon Ki Jutti - Single,2024-08-20T02:43:18Z,2024-08-20T02:43:18Z,True,1741950211,,
1475,l.mMPuTPe,Balling (LÄUFF Remix) - Single,2023-09-15T20:01:54Z,2023-09-15T20:01:54Z,True,1700895825,,
1477,l.mN3cZu7,MHITR (Semi-Automatic) [feat. Eksman] - Single,2024-07-22T02:18:17Z,2024-07-22T02:18:17Z,False,1680227798,,
1478,l.mN9VuHl,In A Minute - Single,2022-04-13T02:49:54Z,2022-04-13T02:49:54Z,True,1618285311,,
1479,l.mPYRi81,Leja (dnb mix) - Single,2024-04-16T18:29:03Z,2024-04-16T18:29:03Z,True,1695562783,,
1480,l.mQ8yTEn,Kill The Lights (feat. Sarah de Warren) - Single,2024-11-06T19:27:04Z,2024-11-06T19:27:04Z,True,1718834713,,
1481,l.mRBnFPp,Tour - Single,2024-07-22T02:18:17Z,2024-07-22T02:18:17Z,False,1282939022,,
1482,l.mRUV8s8,BOOM - Single,2022-09-22T08:06:35Z,2022-09-22T08:06:35Z,True,1445039970,,
1486,l.mT3rQG,Dangerous World (feat. Travis Scott & YG) - Single,2022-05-29T06:18:09Z,2022-05-29T06:18:09Z,True,1428910805,,
1491,l.mj764ig,Husn - Single,2024-02-10T10:17:09Z,2024-02-10T10:17:09Z,True,1717140538,,
1492,l.mlgm8Xd,Hiir - Single (feat. Yashraj) - Single,2023-05-14T17:24:47Z,2023-05-14T17:24:47Z,False,,,
1493,l.mmY36vt,Faking It - Single (feat. Matthew Steeper) - Single,2021-04-16T23:03:34Z,2021-04-16T23:03:34Z,True,1408659141,,
1495,l.mo7EEue,MIA (feat. Drake) - Single,2024-08-17T00:43:54Z,2024-08-17T00:43:54Z,True,1662168785,,
1496,l.mrYLJUA,Flip It - Single,2023-10-26T02:23:21Z,2023-10-26T02:23:21Z,True,1709360095,,
1497,l.mrc7kz9,Never Sleep (feat. Travis Scott) - Single,2022-07-29T16:18:52Z,2022-07-29T16:18:52Z,True,1636325211,,
1499,l.msoEVbm,Take Me Away - Single,2024-11-13T22:09:18Z,2024-11-13T22:09:18Z,True,1755632074,,
1501,l.mzlbugc,Renouveau - Single,2023-05-14T16:53:28Z,2023-05-14T16:53:28Z,True,1683597893,,
1503,l.n5lS5db,Double Faces - Single,2023-02-28T06:57:16Z,2023-02-28T06:57:16Z,True,1669057412,,
1506,l.n6KUF3o,CODE - Single,2022-08-28T19:04:34Z,2022-08-28T19:04:34Z,True,1641650546,,
1508,l.n6PgUaC,Jannat - Single,2023-08-10T04:48:20Z,2023-08-10T04:48:20Z,True,1699643229,,
1511,l.n7csZBg,Drown - Single,2021-07-09T22:27:57Z,2021-07-09T22:27:57Z,True,1495990375,,
1513,l.n8UGIbr,Mount Everest - Single,2022-07-20T21:13:36Z,2022-07-20T21:13:36Z,True,1469025769,,
1514,l.n9q7Fm5,Shotgun (feat. Rochelle) - Single,2023-08-01T08:56:24Z,2023-08-01T08:56:24Z,True,1719649723,,
1515,l.nA6Q28e,Don't Stop - Single,2024-07-22T02:18:20Z,2024-07-22T02:18:20Z,False,1715654389,,
1516,l.nBGYxsz,Badnam - Single (feat. DJ Flow) - Single,2021-03-08T07:31:30Z,2021-03-08T07:31:30Z,False,,,
1517,l.nBb3uac,MMM - Single,2021-11-18T18:01:25Z,2021-11-18T18:01:25Z,True,1804727473,,
1518,l.nC17hMm,Forever - Single,2025-04-19T15:52:24Z,2025-04-19T15:52:24Z,True,1807398635,,
1519,l.nFjYs36,Yalla - Single,2023-03-28T09:12:57Z,2023-03-28T09:12:57Z,True,1675383222,,
1520,l.nH1j6Ma,Party Jumpin' - Single,2023-03-27T18:57:09Z,2023-03-27T18:57:09Z,True,1663060696,,
1527,l.nW2Nwxk,Bye - Single,2024-01-05T05:56:22Z,2024-01-05T05:56:22Z,True,1694384847,,
1528,l.nWHbiFz,Stay High (feat. Julia Church) - Single,2023-12-30T09:50:27Z,2023-12-30T09:50:27Z,True,1715732173,,
1529,l.nXdakyq,Higher Power - Single,2021-07-22T23:32:38Z,2021-07-22T23:32:38Z,True,1564098693,,
1531,l.naezPcC,Old Days - Single,2024-05-09T21:39:55Z,2024-05-09T21:39:55Z,True,1730847138,,
1533,l.nbplQvs,These Nights (feat. KIDDO) - Single,2022-07-15T00:03:17Z,2022-07-15T00:03:17Z,True,1631578394,,
1535,l.nddX7x2,Word to the Wise - Single,2023-08-17T05:40:11Z,2023-08-17T05:40:11Z,False,,,
1536,l.nf0qJMv,SLIDE - Single,2024-08-03T16:32:08Z,2024-08-03T16:32:08Z,True,1760886083,,
1539,l.niq4PMr,Turn Down for What - Single,2022-09-22T08:47:41Z,2022-09-22T08:47:41Z,True,786489553,,
1540,l.njuKj15,Hold On (feat. Michel Zitron) - Single,2021-08-12T17:34:29Z,2021-08-12T17:34:29Z,True,1491027840,,
1541,l.npKlAMj,Don't Let Me Down (feat. Daya) [Hardwell & Sephyx Remix] - Single,2023-06-16T06:52:53Z,2023-06-16T06:52:53Z,True,1112717122,,
1544,l.ny4yQN1,Say My Name - Single,2021-04-22T18:59:49Z,2021-04-22T18:59:49Z,True,1548512217,,
1546,l.o9vtEu6,Lions in the Wild - Single,2023-06-23T18:36:19Z,2023-06-23T18:36:19Z,True,1293743667,,
1547,l.oCl5MLi,Lonely - Single,2024-11-28T00:24:13Z,2024-11-28T00:24:13Z,True,1513480561,,
1552,l.oIy2UOt,Die for You (Zedd Remix) - Single,2023-04-06T02:41:51Z,2023-04-06T02:41:51Z,True,1600018739,,
1554,l.oPp0d5c,9:45 - Single,2024-11-25T19:06:56Z,2024-11-25T19:06:56Z,False,1772368368,,
1555,l.oRPHrvv,Motley Crew - Single,2021-07-12T23:24:43Z,2021-07-12T23:24:43Z,True,1575618656,,
1562,l.oaWeoLw,Grown Man - Single,2023-04-02T00:38:38Z,2023-04-02T00:38:38Z,True,1678409861,,
1564,l.og0WJts,Rolex - Single,2022-05-21T07:08:02Z,2022-05-21T07:08:02Z,True,1215753014,,
1565,l.okuzH4x,Namastute - Single,2021-05-20T23:25:42Z,2021-05-20T23:25:42Z,False,,,
1572,l.orK62bg,Die for You - Single,2022-05-04T01:59:25Z,2022-05-04T01:59:25Z,True,1596774748,,
1575,l.p9TDLVz,Never Say Goodbye - Single,2022-04-28T01:11:11Z,2022-04-28T01:16:54Z,True,1,,
1576,l.p9TMWk9,Eastside (Acoustic) - Single,2021-03-05T16:37:09Z,2021-03-05T16:37:09Z,True,1422001761,,
1579,l.pFtCPZw,Trump It - Single,2021-06-05T17:48:05Z,2021-06-05T17:48:05Z,False,1527580253,,
1580,l.pHDWwkB,Settle - Single,2021-07-19T02:51:27Z,2021-07-19T02:51:27Z,True,1672228976,,
1582,l.pItje6t,Hate Me - Single,2024-07-27T21:42:33Z,2024-07-27T21:42:33Z,True,1759596392,,
1585,l.pJgO6P,Kasoor - Single,2024-10-27T16:09:28Z,2024-10-27T16:09:28Z,True,1519457065,,
1590,l.pTrRVxj,Lady Killers III - Single,2024-05-03T05:18:19Z,2024-05-03T05:18:19Z,True,1743816888,,
1592,l.pVQAxvw,Higher Power (ZHU Remix) - Single,2021-07-22T23:33:01Z,2021-07-22T23:33:01Z,True,1567644045,,
1593,l.pXH6B8A,Solar System / Siren - Single,2024-07-22T02:18:17Z,2024-07-22T02:18:17Z,False,1473151944,,
1595,l.pYtQqqi,In The City / Wasted - Single,2024-07-06T20:46:23Z,2024-07-06T20:46:23Z,True,1695230210,,
1596,l.pZjXVew,Search & Rescue - Single,2023-04-13T20:14:15Z,2023-04-13T20:14:15Z,True,1681131987,,
1601,l.pkVGSQ6,Dance No More (with Kaleena Zanders) - Single,2023-09-05T19:51:53Z,2023-09-05T19:51:53Z,True,1717467122,,
1602,l.pnnS7zm,Popular (feat. Playboi Carti) [Music from the HBO Original Series The Idol] - Single,2023-08-01T01:30:50Z,2023-08-01T01:30:50Z,True,1691920669,,
1603,l.poyn93p,The Big 3 - Single,2022-07-15T16:27:45Z,2022-07-15T16:27:45Z,True,1630478439,,
1604,l.ppo3hzn,This Is What You Came For - Single,2021-04-18T19:26:57Z,2021-04-18T19:26:57Z,True,1108212521,,
1606,l.pqVKWev,Still Be Friends (feat. Tory Lanez & Tyga) - Single,2023-06-24T17:55:10Z,2023-06-24T17:55:10Z,True,1498114134,,
1607,l.prxV3j5,Malang Sajna - Single,2023-07-29T01:12:41Z,2023-07-29T01:12:41Z,True,1659427914,,
1608,l.pskll27,It Must Have Been Love (feat. Charla K) - Single,2025-04-18T17:47:05Z,2025-04-18T17:47:05Z,False,,,
1609,l.pudMbag,Ocean (feat. Khalid) - Single,2024-06-28T01:15:30Z,2024-06-28T01:15:30Z,True,1397556679,,
1610,l.pvjLWv3,Take My Breath Away - Single,2021-09-18T06:46:39Z,2021-09-18T06:46:39Z,True,1444623981,,
1612,l.q7ACklu,Honest (feat. Don Toliver) - Single,2024-12-10T18:45:46Z,2024-12-10T18:45:46Z,True,1620928020,,
1614,l.qA8AfBu,Lonely - Single,2021-03-08T07:31:23Z,2021-03-08T07:31:23Z,True,1535542151,,
1617,l.qEfnv0f,CASH COW - Single,2022-09-22T08:11:33Z,2022-09-22T08:11:33Z,True,1714740191,,
1618,l.qGpVU9m,Best Friend's Ass - Single,2023-11-01T07:05:32Z,2023-11-01T07:05:32Z,True,1462055314,,
1620,l.qJF8iGz,YEDA YUNG - Single,2025-02-24T18:39:06Z,2025-02-24T18:39:06Z,True,1786045394,,
1621,l.qKlonDu,Castle on the Hill (Acoustic) - Single,2021-12-08T03:17:07Z,2021-12-08T03:17:07Z,True,1202046723,,
1623,l.qNUtjha,Laree Choote - Single,2023-08-05T01:25:18Z,2023-08-05T01:25:18Z,True,1543681652,,
1626,l.qWA4dN,Aftershock - Single,2024-07-08T16:43:09Z,2024-07-08T16:43:09Z,True,1055186641,,
1635,l.qrDEPni,Can't Hold Us - Single,2022-07-01T05:53:43Z,2022-07-01T05:53:43Z,True,1590285607,,
1636,l.qsmdwTd,SAO PAULO (Weeknd) - Single,2024-10-31T04:30:36Z,2024-10-31T04:30:36Z,False,,,
1637,l.qtMi7Dr,lemonade/harleys in hawaii - Single,2023-08-05T02:05:07Z,2023-08-05T02:05:07Z,True,1758410771,,
1638,l.quGKmRB,Pressure (feat. Tove Lo) - Single,2023-08-18T20:50:35Z,2023-08-18T20:50:35Z,True,1548278282,,
1640,l.qyOJtX8,Rasputin - Single,2022-05-13T23:47:15Z,2022-05-13T23:47:15Z,True,1553504894,,
1641,l.qyh9gzd,Happy Now (Acoustic) - Single,2023-11-01T07:16:09Z,2023-11-01T07:16:09Z,True,1434739734,,
1642,l.qzDUBew,Run It (Jersey Club Mix) - Single,2023-03-15T18:43:35Z,2023-03-15T18:43:35Z,False,1448437925,,
1645,l.r7aqwSB,Lahore - Single,2021-03-08T07:31:26Z,2021-03-08T07:31:26Z,False,,,
1646,l.r8XS0ez,Mask Off - Single,2023-04-12T15:58:03Z,2023-04-12T15:58:03Z,True,1635595653,,
1649,l.rDsTtqg,Baba Yaga - Single,2025-02-25T20:46:23Z,2025-02-25T20:46:23Z,True,1548544074,,
1650,l.rFoSiT1,Lifetime - Single,2024-11-06T19:21:55Z,2024-11-06T19:21:55Z,True,1722564698,,
1652,l.rFzSDGC,The Light - Single,2023-03-23T19:00:32Z,2023-03-23T19:00:32Z,True,1678109492,,
1653,l.rK8XrW4,Detox - Single,2022-09-03T00:19:56Z,2022-09-03T00:19:56Z,True,1642604883,,
1654,l.rKVJo85,BAND4BAND - Single,2024-05-24T05:11:32Z,2024-05-24T05:11:32Z,True,1747857514,,
1655,l.rOuW23f,Laugh Now Cry Later (feat. Lil Durk) - Single,2021-12-11T18:28:53Z,2021-12-11T18:28:53Z,False,,,
1656,l.rRFQQOu,Lace It - Single,2023-12-21T07:24:22Z,2023-12-21T07:24:22Z,True,1721675537,,
1659,l.rYK6wpr,Main Hoon - Single,2021-05-29T18:12:38Z,2021-05-29T18:12:38Z,True,865095960,,
1660,l.rZ5aL1i,Sirens - Single,2023-12-23T06:10:58Z,2023-12-23T06:10:58Z,True,1302040604,,
1661,l.rarEruo,Look At Me! - Single,2023-08-29T02:50:35Z,2023-08-29T02:50:35Z,True,1207987856,,
1662,l.rdEOpIr,For A Better Day (Avicii Arena Version) - Single,2022-09-22T07:25:25Z,2022-09-22T07:25:25Z,True,1567159294,,
1666,l.rjMDN9b,Dakla 2 (feat. Aishwarya Joshi & Maulik Nayak) - Single,2022-10-01T10:00:12Z,2022-10-01T10:00:12Z,False,1291949171,,
1667,l.rrV5ra8,Movie (feat. Josh Pan) - Single,2024-11-07T17:26:16Z,2024-11-07T17:26:16Z,True,1360492284,,
1669,l.rtTzo14,Poland - Single,2022-11-20T08:09:47Z,2022-11-20T08:09:47Z,True,1648986467,,
1671,l.rwsuqoB,Shakira! (feat. EGOVERT) - Single,2024-09-09T21:07:41Z,2024-09-09T21:07:41Z,True,1572889110,,
1674,l.s08cjli,Come & Go - Single,2021-06-29T01:15:32Z,2021-06-29T01:15:32Z,True,1522627549,,
1677,l.s6Hijrg,Quickie - Single,2023-02-15T08:07:07Z,2023-02-15T08:07:07Z,False,,,
1679,l.s8yWe5s,Over the Top (feat. Drake) - Single,2023-07-09T09:44:21Z,2023-07-09T09:44:21Z,True,1662166377,,
1681,l.sChWdAf,The Last Ride - Single,2023-02-22T01:39:08Z,2023-02-22T01:39:08Z,True,1624357415,,
1684,l.sFuMbro,Rupadi Mange Phone Number - Single,2023-10-31T22:54:53Z,2023-10-31T22:54:53Z,True,1606169741,,
1685,l.sGMDacz,No Love - Single,2023-10-17T09:39:25Z,2023-10-17T09:39:25Z,True,1683978545,,
1687,l.sNERH12,Riha - Single,2021-05-02T05:54:30Z,2021-05-02T05:54:30Z,True,1710156736,,
1688,l.sO7y7pn,BLOW UP - Single,2023-02-15T08:07:07Z,2023-02-15T08:07:07Z,False,,,
1693,l.sZWT5fC,Say Less (feat. G-Eazy) - Single,2022-09-22T08:05:18Z,2022-09-22T08:05:18Z,True,1694796329,,
1695,l.sdtL74k,Higher Place (feat. Ne-Yo) - Single,2021-06-13T04:56:37Z,2021-06-13T04:56:37Z,True,1445145492,,
1696,l.sfdarOy,POPSTAR (feat. Drake) - Single,2023-11-01T02:06:17Z,2023-11-01T02:06:17Z,False,,,
1698,l.skqHSxs,AT THE PARTY (feat. Pharrell Williams & Travis Scott) - Single,2023-11-03T22:34:57Z,2023-11-03T22:34:57Z,True,1714702417,,
1700,l.sq7X794,Lasting Lover - Single,2024-11-25T19:06:56Z,2024-11-25T19:06:56Z,False,1527573911,,
1703,l.stIq3Vr,Rule The World (Everybody) - Single,2024-07-08T02:46:49Z,2024-07-08T02:46:49Z,True,1713790570,,
1706,l.t1QjlGd,Pray for Me - Single,2025-03-18T21:24:58Z,2025-03-18T21:24:58Z,True,1668867619,,
1708,l.t64qI8k,SAD (Imanbek xxx Remix) - Single,2023-07-08T04:20:28Z,2023-07-08T04:20:28Z,True,1512304597,,
1709,l.t87I883,My Life (feat. Swae Lee & PnB Rock) - Single,2025-01-31T16:41:44Z,2025-01-31T16:41:44Z,True,1790909157,,
1712,l.tArhYOb,Blues for You (Remixes) - Single,2023-08-07T00:40:50Z,2023-08-07T00:40:50Z,False,,,
1714,l.tEQxYR,People (feat. Ayra Starr & Omah Lay) - Single,2024-07-29T21:11:14Z,2024-07-29T21:11:14Z,True,1674043689,,
1715,l.tEYtTnq,Moti Veraana (From Songs of Faith) [feat. Osman Mir] - Single,2022-10-01T09:52:53Z,2022-10-01T09:52:53Z,False,1504846368,,
1716,l.tK1Bpf8,Mezzanotte - Single,2024-07-21T14:39:53Z,2024-07-21T14:39:53Z,True,1626285685,,
1719,l.tODzXrv,Obsessed - Single,2023-06-15T18:13:22Z,2023-06-15T18:13:22Z,True,1643971501,,
1725,l.tUxNV2A,Disconnect (Tiësto Remix) - Single,2024-01-04T07:48:17Z,2024-01-04T07:48:17Z,True,1699604783,,
1726,l.tZpJmbC,1942 (feat. Yo Gotti & YBN Nahmir) - Single,2024-08-02T12:10:39Z,2024-08-02T12:10:39Z,True,1371050450,,
1728,l.tbWtRSt,stayinit - Single,2024-02-28T07:26:32Z,2024-02-28T07:26:32Z,True,1730976891,,
1731,l.tgLySQb,Say No - Single,2024-06-08T01:41:39Z,2024-06-08T01:41:39Z,True,1741578258,,
1732,l.tgMF8Hl,Pump It (D&B) - Single,2024-07-22T02:18:20Z,2024-07-22T02:18:20Z,False,1718753163,,
1733,l.tgRTQJs,4 X 4 - Single,2023-09-08T19:56:15Z,2023-09-08T19:56:15Z,True,1703732398,,
1735,l.tjwgvzw,"Is You Ready (From the ""Mile 22"" Original Motion Picture Soundtrack) - Single",2022-09-22T08:05:52Z,2022-09-22T08:05:52Z,True,1427826150,,
1737,l.tmsDWR6,Good for You (feat. A$AP Rocky) - Single,2025-04-10T05:09:44Z,2025-04-10T05:09:44Z,True,1445304656,,
1738,l.tmwte8z,Storms Don't Last Forever - Single,2024-10-10T03:21:44Z,2024-10-10T03:21:44Z,True,1767625325,,
1739,l.toNmVMe,Droptop - Single,2022-03-01T07:19:57Z,2022-03-01T07:19:57Z,True,1526653618,,
1742,l.ttXzCZj,Toosie Slide - Single,2023-01-24T00:33:18Z,2023-01-24T00:33:18Z,False,,,
1743,l.tuiR5li,Thandi Hawa (Official Remixes) - Single,2022-07-01T19:03:49Z,2022-07-01T19:03:49Z,True,1550341825,,
1746,l.u1aNrym,Ferrari - Single,2024-07-08T01:06:53Z,2024-07-08T01:06:53Z,True,1617280385,,
1747,l.u2km70b,In The Name Of Love - Single,2021-02-28T19:34:08Z,2021-02-28T19:34:08Z,True,1137640898,,
1749,l.u6R3W3f,Dark Days Are Gone (feat. Sam Martin) - Single,2024-05-18T02:50:26Z,2024-05-18T02:50:26Z,True,1743212759,,
1751,l.u7FISR,One Three Nine - Single,2023-10-02T00:55:13Z,2023-10-02T00:55:13Z,False,,,
1752,l.uBYLUa5,São Paulo - Single,2024-10-31T05:30:41Z,2024-10-31T05:30:41Z,True,1776914756,,
1754,l.uEUDI5i,On Again - Single,2024-05-04T00:21:01Z,2024-05-04T00:21:01Z,True,1736836112,,
1755,l.uK9dLcA,Just Wanna Rock - Single,2023-06-29T01:22:31Z,2023-06-29T01:22:31Z,False,,,
1756,l.uMjEVkv,Ek Do Teen (feat. Abhijay Sharma & Xplicit) - Single,2023-02-24T22:10:56Z,2023-02-24T22:10:56Z,True,1650006465,,
1760,l.udkqcse,Zara Hatke Zara Bachke - Jhankar Beats - Single,2023-07-01T16:27:41Z,2023-07-01T16:27:41Z,True,1702514121,,
1763,l.uzrNP8A,ten - Single,2023-10-17T09:04:54Z,2023-10-17T09:04:54Z,True,1706861926,,
1765,l.v53mgCv,Admit It (U Don't Want 2) - Single,2023-06-23T18:24:28Z,2023-06-23T18:24:28Z,True,1608077164,,
1766,l.vDdejqu,Gas Pedal (feat. Sage the Gemini) - Single,2024-11-05T18:16:40Z,2024-11-05T18:16:40Z,True,1764193060,,
1767,l.vF6kIix,Taste (feat. Offset) - Single,2022-02-15T06:26:24Z,2022-02-15T06:26:24Z,True,1384304786,,
1768,l.vHOqsqi,"Rocky Road, Pt. 2 - Single",2023-02-17T21:04:49Z,2023-02-17T21:04:49Z,True,1648933750,,
1771,l.vOIP3td,The Difference (feat. Toro y Moi) - Single,2024-10-10T03:45:19Z,2024-10-10T03:45:19Z,True,1694793030,,
1774,l.vZ8ONa2,Gangsta Blues - Single,2024-09-17T02:37:32Z,2024-09-17T02:37:32Z,True,1588030682,,
1784,l.vnyZOvz,Around the World (La La La) - Single,2023-09-16T00:56:34Z,2023-09-16T00:56:34Z,True,1559729570,,
1791,l.w7kKjmo,No Time To Die - Single,2021-03-19T19:59:08Z,2021-03-19T19:59:08Z,True,1498647640,,
1794,l.wFSDibh,Make Me Yours - Single,2023-09-16T05:45:57Z,2023-09-16T05:45:57Z,True,1404231620,,
1795,l.wFeT3Wj,Powerglide Freestyle - Single,2023-02-08T03:08:11Z,2023-02-08T03:08:11Z,True,1444970573,,
1796,l.wMayVU2,Sun Sala - Single,2023-07-20T06:14:26Z,2023-07-20T06:14:26Z,True,1569155027,,
1799,l.watxc08,Pong Dance - Single,2023-09-16T05:44:13Z,2023-09-16T05:44:13Z,True,1445313303,,
1800,l.wcEvmSm,Night Changes - Single,2022-10-14T09:56:15Z,2022-10-14T09:56:15Z,True,937259625,,
1802,l.wd2gcwB,Nanchaku - Single,2021-07-27T22:14:30Z,2021-07-27T22:14:30Z,False,,,
1808,l.wmlR3Fj,Dilbar - Single,2023-06-30T21:30:53Z,2023-06-30T21:30:53Z,True,1675286072,,
1809,l.wpXmEV6,Mistaken (feat. Alex Aris) - Single,2023-09-22T20:51:55Z,2023-09-22T20:51:55Z,True,1457833004,,
1810,l.wqj8jca,The Magic Number - Single,2023-02-15T08:07:07Z,2023-02-15T08:07:07Z,False,,,
1811,l.wr9ppj4,Farak - Single,2021-05-21T19:21:56Z,2021-05-21T19:21:56Z,True,1205945175,,
1813,l.wtlcxvc,LONDON - Single,2023-10-03T18:56:21Z,2023-10-03T18:56:21Z,True,1617656019,,
1816,l.x4wzmne,Kaali Car - Single,2023-07-28T04:08:54Z,2023-07-28T04:08:54Z,True,1620139384,,
1819,l.xDbeiJw,Don't Go - Single,2025-03-15T03:24:29Z,2025-03-15T03:24:29Z,False,1581822386,,
1826,l.xOFz07h,Ruh (feat. Nikhita Gandhi) - Single,2024-06-23T00:38:58Z,2024-06-23T00:38:58Z,True,1714480181,,
1827,l.xRXGnxz,Everytime We Touch (Hardwell & Maurice West Remix) - Single,2021-06-05T17:48:05Z,2021-06-05T17:48:05Z,False,1420461120,,
1830,l.xVEbuvl,REACT (Culture Shock Remix) [feat. Ella Henderson] - Single,2024-10-19T21:20:33Z,2024-10-19T21:20:33Z,True,1676292376,,
1832,l.xYU4W7b,RAP DEVIL - Single,2022-10-01T13:12:50Z,2022-10-01T13:12:50Z,False,,,
1834,l.xfIv9Eu,Life Is Good (feat. Drake) - Single,2021-06-06T22:03:00Z,2021-06-06T22:03:00Z,False,,,
1840,l.xnnru9A,Lemonade (feat. NAV) - Single,2021-06-04T19:43:38Z,2021-06-04T01:39:17Z,False,,,
1841,l.xp4H13q,Katal Kalaa (feat. Swadesi & MC Tod Fod) - Single,2023-05-03T19:01:16Z,2023-05-03T19:01:16Z,True,1157999195,,
1843,l.xrCImnA,Baby - Single,2023-09-30T08:27:57Z,2023-09-30T08:27:57Z,True,1473187049,,
1844,l.xrqwbez,Maar To Mele - Single,2023-07-15T17:05:35Z,2023-07-15T17:05:35Z,True,1737043598,,
1845,l.xtDFKMt,"f**k, i'm lonely (feat. Anne-Marie) - Single",2021-08-06T06:45:19Z,2021-08-06T06:45:19Z,True,1472800236,,
1846,l.xu5hwMp,this is what falling in love feels like (554Hz) - Single,2023-06-12T23:38:19Z,2023-06-12T23:38:19Z,True,1645425544,,
1850,l.y1I3Lay,Day N' Night (feat. ZHIKO) - Single,2021-06-05T17:48:05Z,2021-06-05T17:48:05Z,False,1571227600,,
1852,l.y90UiQm,Cold Heart (Acoustic) - Single,2023-01-16T01:52:48Z,2023-01-06T02:46:05Z,True,1589488595,,
1857,l.yTb3Fvk,Rhyme Dust (Dimension Remix) - Single,2024-07-22T02:18:17Z,2024-07-22T02:18:17Z,False,1686528194,,
1859,l.yWI9BDq,Reverse (feat. G-Eazy) - Single,2024-06-02T02:02:05Z,2024-06-02T02:02:05Z,True,1392610669,,
1860,l.yXZ42U4,SLVR - Single,2023-11-01T06:38:55Z,2023-11-01T06:38:55Z,True,948391792,,
1863,l.ybs6TZl,"Class-Sikh Maut, Vol. II - Single",2021-12-02T03:12:21Z,2021-12-02T03:12:21Z,True,1804728466,,
1866,l.ydMPXqw,Lahore - Single,2021-03-08T07:31:26Z,2021-03-08T07:31:26Z,False,,,
1867,l.yeDMN58,Aankhein - Single,2021-08-29T08:20:31Z,2021-08-29T08:20:31Z,True,1682466430,,
1868,l.yhk9jLl,Lift You Up - Single,2024-10-19T21:07:09Z,2024-10-19T21:07:09Z,True,1577980593,,
1869,l.yiJE5CC,FE!N (CHASE B REMIX) - Single,2024-05-12T06:00:10Z,2024-05-12T06:00:10Z,True,1742095264,,
1874,l.ymK22Pu,Aaftaab - Single,2021-03-26T01:48:15Z,2021-03-26T01:48:15Z,False,,,
1875,l.ymNxCAn,Hooked (Grafix Remix) - Single,2024-07-22T02:18:17Z,2024-07-22T02:18:17Z,False,1628807965,,
1877,l.yv8Jr6C,Dogs - Single,2023-10-17T09:36:47Z,2023-10-17T09:36:47Z,True,1683425072,,
1879,l.yxIRWQ9,Gimme Gimme Gimme (A man after midnight) - Single,2023-07-13T00:36:22Z,2023-07-13T00:36:22Z,True,1643975013,,
1880,l.yzkg2uA,Lifetime (feat. Ty Dolla $ign & 070 Shake) - Single,2024-12-11T22:31:44Z,2024-12-11T22:31:44Z,True,1576946209,,
1957,l.z0P9m1j,KEHLANI (REMIX) [feat. Kehlani] - Single,2024-10-13T15:34:56Z,2024-10-13T15:34:56Z,True,1758140808,,
1960,l.z7zGg1d,"Safar (From ""Jab Harry Met Sejal"") - Single",2023-03-23T18:45:36Z,2023-03-23T18:45:36Z,True,1257752971,,
1961,l.z8f7kUu,Favorite - Single,2023-10-17T09:22:31Z,2023-10-17T09:22:31Z,True,1506098922,,
1964,l.zAgySi8,leavemealone - Single,2023-12-08T10:01:07Z,2023-12-08T10:01:07Z,True,1720043736,,
1965,l.zEZ6Ah2,Stay - Single,2024-06-28T01:14:49Z,2024-06-28T01:14:49Z,True,1445043155,,
1966,l.zF3cyt8,Drip Too Hard (Jersey Club Mix) - Single,2023-04-27T16:57:19Z,2023-03-15T18:43:35Z,True,1448438512,,
1967,l.zILnhsc,"Infinity (feat. ILIRA, iiola & Tom Cane) - Single",2024-07-22T02:18:17Z,2024-07-22T02:18:17Z,False,1675024206,,
1968,l.zJ9Wk1l,5am - Single,2024-09-10T01:59:27Z,2024-09-10T01:59:27Z,True,1731799328,,
1972,l.zUF06eC,Kanaa - Single,2024-06-22T23:02:01Z,2024-06-22T23:02:01Z,True,1559549839,,
1975,l.zbU3FhB,Can't Feel My Face (Martin Garrix Remix) - Single,2022-07-11T23:57:34Z,2022-07-11T23:57:34Z,True,1445296814,,
1979,l.zpQAIoc,First Day Out (Freestyle) Pt. 2 - Single,2023-09-24T09:31:16Z,2023-09-24T09:31:16Z,False,,,
